codice_cliente,lit_mode_r100,lit_pct_yes_r100,lit_pct_no_r100,lit_pct_sunset_sunrise_r100,lit_pct_automatic_r100,lit_pct_missing_r100,lit_n_edges_r100,lit_mode_r300,lit_pct_yes_r300,lit_pct_no_r300,lit_pct_sunset_sunrise_r300,lit_pct_automatic_r300,lit_pct_missing_r300,lit_n_edges_r300,lit_mode_r500,lit_pct_yes_r500,lit_pct_no_r500,lit_pct_sunset_sunrise_r500,lit_pct_automatic_r500,lit_pct_missing_r500,lit_n_edges_r500
9500,yes,0.3442622950819672,0.0,0.0,0.0,0.6557377049180327,61,yes,0.13806706114398423,0.0,0.0,0.0,0.8619329388560157,507,yes,0.11678115799803729,0.0,0.0,0.0,0.8832188420019627,1019
9501,unknown,,,,,1.0,20,unknown,,,,,1.0,39,unknown,,,,,1.0,72
9502,yes,0.45161290322580644,0.0,0.0,0.0,0.5483870967741935,31,yes,0.1728395061728395,0.0,0.0,0.0,0.8271604938271605,81,yes,0.12173913043478261,0.0,0.0,0.0,0.8782608695652174,115
9503,unknown,,,,,1.0,9,no,0.0,0.05555555555555555,0.0,0.0,0.9444444444444444,36,no,0.0,0.021739130434782608,0.0,0.0,0.9782608695652174,92
9505,yes,0.45,0.0,0.0,0.0,0.55,80,yes,0.725,0.0,0.0,0.0,0.2653846153846154,520,yes,0.6224758560140474,0.000877963125548727,0.0,0.0,0.3722563652326602,1139
9507,yes,0.18181818181818182,0.0,0.0,0.0,0.8181818181818182,11,yes,0.05660377358490566,0.0,0.0,0.0,0.9433962264150944,53,yes,0.06832298136645963,0.0,0.0,0.0,0.9316770186335404,161
9508,yes,0.14285714285714285,0.0,0.0,0.0,0.8571428571428571,7,yes,0.05357142857142857,0.0,0.0,0.0,0.9464285714285714,56,yes,0.05319148936170213,0.010638297872340425,0.0,0.0,0.9361702127659575,94
9509,yes,0.8142857142857143,0.0,0.0,0.0,0.18571428571428572,70,yes,0.6463620981387479,0.001692047377326565,0.0,0.0,0.35194585448392557,591,yes,0.5817711700064642,0.009696186166774402,0.0,0.0,0.40853264382676147,1547
9511,yes,0.08333333333333333,0.0,0.0,0.0,0.9166666666666666,12,yes,0.1,0.0,0.0,0.0,0.9,30,yes,0.08641975308641975,0.0,0.0,0.0,0.9135802469135802,81
9513,yes,0.7428571428571429,0.0,0.0,0.0,0.2571428571428571,35,yes,0.5438066465256798,0.0,0.0,0.0,0.4561933534743202,331,yes,0.5,0.0,0.0,0.0,0.5,1010
9515,unknown,,,,,1.0,19,unknown,,,,,1.0,38,unknown,,,,,1.0,66
9516,yes,0.025,0.0,0.0,0.0,0.975,40,yes,0.029304029304029304,0.0,0.0,0.0,0.9706959706959707,273,yes,0.03650586701434159,0.0,0.0,0.0,0.9634941329856584,767
9521,unknown,,,,,1.0,13,unknown,,,,,1.0,94,unknown,,,,,1.0,223
9522,unknown,,,,,1.0,10,unknown,,,,,1.0,47,unknown,,,,,1.0,96
9525,yes,0.23529411764705882,0.058823529411764705,0.0,0.0,0.7058823529411765,17,yes,0.2,0.06,0.0,0.0,0.74,50,yes,0.11214953271028037,0.04672897196261682,0.0,0.0,0.8411214953271028,107
9527,yes,0.13793103448275862,0.0,0.0,0.0,0.8620689655172413,58,yes,0.08928571428571429,0.0,0.0,0.0,0.9107142857142857,224,yes,0.08465608465608465,0.0,0.0,0.0,0.9153439153439153,378
9532,yes,0.18681318681318682,0.0,0.0,0.0,0.8131868131868132,91,yes,0.17027027027027028,0.0,0.0,0.0,0.8297297297297297,370,yes,0.2734375,0.0,0.0,0.0,0.7265625,896
9533,no,0.0,0.125,0.0,0.0,0.875,8,no,0.0,0.17391304347826086,0.0,0.0,0.8260869565217391,23,no,0.0,0.11764705882352941,0.0,0.0,0.8823529411764706,34
9535,unknown,,,,,1.0,13,unknown,,,,,1.0,31,unknown,,,,,1.0,52
9537,yes,0.358695652173913,0.0,0.0,0.0,0.6413043478260869,92,yes,0.318739054290718,0.0035026269702276708,0.0,0.0,0.6777583187390543,571,yes,0.3998397435897436,0.002403846153846154,0.0,0.0,0.5977564102564102,1248
9538,unknown,,,,,1.0,5,unknown,,,,,1.0,17,unknown,,,,,1.0,18
9540,yes,0.11904761904761904,0.0,0.0,0.0,0.8809523809523809,42,yes,0.041176470588235294,0.0,0.0,0.0,0.9588235294117647,170,yes,0.020527859237536656,0.0,0.0,0.0,0.9794721407624634,341
9541,unknown,,,,,1.0,9,unknown,,,,,1.0,96,yes,0.010256410256410256,0.0,0.0,0.0,0.9897435897435898,195
9543,yes,0.11475409836065574,0.05737704918032787,0.0,0.0,0.8278688524590164,122,yes,0.20711297071129708,0.05230125523012552,0.0,0.0,0.7405857740585774,478,yes,0.1794871794871795,0.03944773175542406,0.0,0.0,0.7810650887573964,1014
9546,yes,0.775,0.0,0.0,0.0,0.225,40,yes,0.660377358490566,0.005390835579514825,0.0,0.0,0.33423180592991913,371,yes,0.5559471365638766,0.0026431718061674008,0.0,0.0,0.44140969162995597,1135
9547,unknown,,,,,1.0,15,unknown,,,,,1.0,92,no,0.013888888888888888,0.020833333333333332,0.0,0.0,0.9652777777777778,144
9548,yes,0.8793103448275862,0.0,0.0,0.0,0.1206896551724138,58,yes,0.8076923076923077,0.0,0.0,0.0,0.19230769230769232,494,yes,0.6856649395509499,0.010362694300518135,0.0,0.0,0.30397236614853196,1158
9550,yes,0.1864406779661017,0.0,0.0,0.0,0.8135593220338984,59,yes,0.19887955182072828,0.0,0.0,0.0,0.8011204481792717,357,yes,0.20122574055158324,0.0040858018386108275,0.0,0.0,0.7946884576098059,979
9551,yes,0.25,0.0,0.0,0.0,0.75,8,yes,0.0975609756097561,0.0,0.0,0.0,0.9024390243902439,41,yes,0.07142857142857142,0.0,0.0,0.0,0.9285714285714286,70
9553,no,0.0,0.1,0.0,0.0,0.9,10,no,0.0,0.03571428571428571,0.0,0.0,0.9642857142857143,28,no,0.0,0.01639344262295082,0.0,0.0,0.9836065573770492,61
9554,yes,0.025,0.0,0.0,0.0,0.975,40,yes,0.038461538461538464,0.0,0.0,0.0,0.9615384615384616,156,yes,0.13746630727762804,0.0,0.0,0.0,0.862533692722372,371
9555,unknown,,,,,1.0,13,unknown,,,,,1.0,36,unknown,,,,,1.0,52
9556,yes,0.7428571428571429,0.0,0.0,0.0,0.2571428571428571,35,yes,0.5602240896358543,0.0,0.0,0.0,0.43977591036414565,357,yes,0.4704081632653061,0.0010204081632653062,0.0,0.0,0.5285714285714286,980
9557,yes,0.717391304347826,0.0,0.0,0.0,0.2826086956521739,92,yes,0.6606217616580311,0.007772020725388601,0.0,0.0,0.3316062176165803,386,yes,0.5827686350435625,0.005808325266214908,0.0,0.0,0.41142303969022265,1033
9562,yes,0.08571428571428572,0.08571428571428572,0.0,0.0,0.8285714285714286,35,yes,0.16129032258064516,0.04838709677419355,0.0,0.0,0.7903225806451613,124,yes,0.12280701754385964,0.03070175438596491,0.0,0.0,0.8464912280701754,228
9566,yes,0.75,0.03571428571428571,0.0,0.0,0.21428571428571427,56,yes,0.8102766798418972,0.009881422924901186,0.0,0.0,0.17984189723320157,506,yes,0.7643260694108152,0.03066989507667474,0.0,0.0,0.2050040355125101,1239
9567,unknown,,,,,1.0,11,unknown,,,,,1.0,27,unknown,,,,,1.0,34
9570,yes,0.5102040816326531,0.0,0.0,0.0,0.4897959183673469,49,yes,0.5,0.04568527918781726,0.0,0.0,0.4543147208121827,394,yes,0.4866023579849946,0.03215434083601286,0.0,0.0,0.4812433011789925,933
9574,unknown,,,,,1.0,21,yes,0.013513513513513514,0.0,0.0,0.0,0.9864864864864865,74,yes,0.008130081300813009,0.0,0.0,0.0,0.991869918699187,123
9575,unknown,,,,,1.0,18,unknown,,,,,1.0,25,unknown,,,,,1.0,35
9577,yes,0.825,0.0,0.0,0.0,0.175,80,yes,0.7557251908396947,0.0057251908396946565,0.0,0.0,0.2385496183206107,524,yes,0.6732588134135855,0.009458297506448839,0.0,0.0,0.3172828890799656,1163
9580,yes,0.775,0.0,0.0,0.0,0.225,40,yes,0.660377358490566,0.005390835579514825,0.0,0.0,0.33423180592991913,371,yes,0.5559471365638766,0.0026431718061674008,0.0,0.0,0.44140969162995597,1135
9581,yes,0.36,0.0,0.0,0.0,0.64,25,yes,0.44554455445544555,0.0,0.0,0.0,0.5544554455445545,101,yes,0.4276729559748428,0.06289308176100629,0.0,0.0,0.5094339622641509,318
9582,unknown,,,,,1.0,18,unknown,,,,,1.0,34,unknown,,,,,1.0,51
9587,yes,0.075,0.0,0.0,0.0,0.925,40,yes,0.06521739130434782,0.0,0.0,0.0,0.9347826086956522,46,yes,0.05660377358490566,0.0,0.0,0.0,0.9433962264150944,53
9588,yes,0.5967741935483871,0.0,0.0,0.0,0.4032258064516129,62,yes,0.42160278745644597,0.0,0.0,0.0,0.578397212543554,287,yes,0.37789904502046384,0.005457025920873124,0.0,0.0,0.616643929058663,733
9595,unknown,,,,,1.0,48,unknown,,,,,1.0,105,unknown,,,,,1.0,187
9599,unknown,,,,,1.0,8,unknown,,,,,1.0,42,yes,0.015873015873015872,0.0,0.0,0.0,0.9682539682539683,63
9600,unknown,,,,,1.0,12,unknown,,,,,1.0,44,unknown,,,,,1.0,60
9602,yes,0.8051948051948052,0.0,0.0,0.0,0.19480519480519481,77,yes,0.6737588652482269,0.0,0.0,0.0,0.3262411347517731,564,yes,0.5797207935341661,0.002204261572373255,0.0,0.0,0.41440117560617196,1361
9604,yes,0.775,0.0,0.0,0.0,0.225,40,yes,0.660377358490566,0.005390835579514825,0.0,0.0,0.33423180592991913,371,yes,0.5559471365638766,0.0026431718061674008,0.0,0.0,0.44140969162995597,1135
9605,yes,0.058823529411764705,0.0,0.0,0.0,0.9411764705882353,68,yes,0.12091503267973856,0.0032679738562091504,0.0,0.0,0.8758169934640523,306,yes,0.14860681114551083,0.0015479876160990713,0.0,0.0,0.8498452012383901,646
9606,yes,0.4148936170212766,0.0,0.0,0.0,0.5851063829787234,94,yes,0.5048780487804878,0.0,0.0,0.0,0.4951219512195122,820,yes,0.45835982199618563,0.0,0.0,0.0,0.5416401780038144,1573
9608,unknown,,,,,1.0,9,unknown,,,,,1.0,21,unknown,,,,,1.0,25
9609,unknown,,,,,1.0,12,yes,0.05357142857142857,0.0,0.0,0.0,0.9464285714285714,56,yes,0.0851063829787234,0.0,0.0,0.0,0.9148936170212766,94
9610,yes,0.3,0.0,0.0,0.0,0.7,20,yes,0.14444444444444443,0.011111111111111112,0.0,0.0,0.8444444444444444,90,yes,0.12025316455696203,0.0189873417721519,0.0,0.0,0.8607594936708861,158
9612,yes,0.8695652173913043,0.043478260869565216,0.0,0.0,0.08695652173913043,23,yes,0.5223880597014925,0.11940298507462686,0.0,0.0,0.3582089552238806,201,yes,0.29123173277661796,0.08559498956158663,0.0,0.0,0.6231732776617954,958
9615,yes,0.34782608695652173,0.0,0.0,0.0,0.6521739130434783,23,yes,0.29508196721311475,0.0,0.0,0.0,0.7049180327868853,61,yes,0.21839080459770116,0.0,0.0,0.0,0.7816091954022989,87
9617,yes,0.6666666666666666,0.0,0.0,0.0,0.3333333333333333,24,yes,0.5081967213114754,0.0,0.0,0.0,0.4918032786885246,244,yes,0.5119305856832972,0.0,0.0,0.0,0.4880694143167028,461
9620,yes,0.21739130434782608,0.0,0.0,0.0,0.782608695652174,23,yes,0.19858156028368795,0.0,0.0,0.0,0.8014184397163121,282,yes,0.14464534075104313,0.0013908205841446453,0.0,0.0,0.8539638386648123,719
9623,yes,0.9069767441860465,0.0,0.0,0.0,0.09302325581395349,43,yes,0.6320422535211268,0.0,0.0,0.0,0.36795774647887325,568,yes,0.5938511326860841,0.0016181229773462784,0.0,0.0,0.40048543689320387,1236
9624,yes,0.3888888888888889,0.0,0.0,0.0,0.6111111111111112,36,yes,0.4794871794871795,0.007692307692307693,0.0,0.0,0.5128205128205128,390,yes,0.40748740100791936,0.0028797696184305254,0.0,0.0,0.5896328293736501,1389
9625,yes,0.6666666666666666,0.0,0.0,0.0,0.3333333333333333,24,yes,0.5081967213114754,0.0,0.0,0.0,0.4918032786885246,244,yes,0.5119305856832972,0.0,0.0,0.0,0.4880694143167028,461
9627,unknown,,,,,1.0,9,unknown,,,,,1.0,21,no,0.0,0.03225806451612903,0.0,0.0,0.967741935483871,31
9631,unknown,,,,,1.0,28,unknown,,,,,1.0,71,unknown,,,,,1.0,112
9634,unknown,,,,,1.0,17,yes,0.08333333333333333,0.0,0.0,0.0,0.9166666666666666,36,yes,0.058823529411764705,0.0,0.0,0.0,0.9411764705882353,51
9635,yes,0.10714285714285714,0.0,0.0,0.0,0.8928571428571429,28,yes,0.09774436090225563,0.0,0.0,0.0,0.9022556390977443,133,yes,0.116991643454039,0.0,0.0,0.0,0.883008356545961,359
9636,unknown,,,,,1.0,11,yes,0.028985507246376812,0.0,0.0,0.0,0.9710144927536232,69,yes,0.039735099337748346,0.0,0.0,0.0,0.9602649006622517,151
9637,yes,0.6022727272727273,0.0,0.0,0.0,0.3977272727272727,88,yes,0.443010752688172,0.002150537634408602,0.0,0.0,0.5548387096774193,465,yes,0.556499575191164,0.0016992353440951572,0.0,0.0,0.44180118946474084,1177
9639,unknown,,,,,1.0,30,unknown,,,,,1.0,53,unknown,,,,,1.0,71
9641,yes,0.02631578947368421,0.0,0.0,0.0,0.9736842105263158,38,yes,0.011363636363636364,0.0,0.0,0.0,0.9886363636363636,176,yes,0.03350970017636684,0.0,0.0,0.0,0.9664902998236331,567
9642,unknown,,,,,1.0,14,yes,0.0273972602739726,0.0136986301369863,0.0,0.0,0.958904109589041,73,yes,0.013888888888888888,0.006944444444444444,0.0,0.0,0.9791666666666666,144
9643,yes,0.8409090909090909,0.0,0.0,0.0,0.1590909090909091,44,yes,0.7605321507760532,0.004434589800443459,0.0,0.0,0.23503325942350334,451,yes,0.6622516556291391,0.009933774834437087,0.0,0.0,0.32781456953642385,1208
9644,yes,0.7764705882352941,0.0,0.0,0.0,0.2,85,yes,0.7393225331369662,0.0029455081001472753,0.0,0.0,0.23122238586156113,679,yes,0.6427423674343867,0.00856989823245849,0.0,0.0,0.339046598821639,1867
9646,unknown,,,,,1.0,3,unknown,,,,,1.0,32,yes,0.03333333333333333,0.0,0.0,0.0,0.9666666666666667,60
9650,yes,0.2916666666666667,0.0,0.0,0.0,0.7083333333333334,24,yes,0.225,0.025,0.0,0.0,0.75,80,yes,0.12337662337662338,0.025974025974025976,0.0,0.0,0.8506493506493507,154
9654,yes,0.11363636363636363,0.0,0.0,0.0,0.8863636363636364,44,yes,0.06172839506172839,0.0,0.0,0.0,0.9135802469135802,81,no,0.03875968992248062,0.06201550387596899,0.0,0.0,0.8837209302325582,129
9655,unknown,,,,,1.0,8,unknown,,,,,1.0,33,unknown,,,,,1.0,43
9664,unknown,,,,,1.0,11,unknown,,,,,1.0,138,unknown,,,,,1.0,233
9669,no,0.0,0.08333333333333333,0.0,0.0,0.9166666666666666,12,no,0.0,0.13333333333333333,0.0,0.0,0.8666666666666667,75,no,0.0,0.0990990990990991,0.0,0.0,0.9009009009009009,111
9670,unknown,,,,,1.0,28,unknown,,,,,1.0,83,unknown,,,,,1.0,142
9671,yes,0.125,0.0,0.0,0.0,0.875,16,yes,0.08695652173913043,0.0,0.0,0.0,0.9130434782608695,46,yes,0.14102564102564102,0.0,0.0,0.0,0.8589743589743589,78
9672,yes,0.03225806451612903,0.0,0.0,0.0,0.967741935483871,31,yes,0.012195121951219513,0.0,0.0,0.0,0.9878048780487805,82,yes,0.032,0.0,0.0,0.0,0.968,125
9676,unknown,,,,,1.0,30,unknown,,,,,1.0,61,unknown,,,,,1.0,66
9677,yes,0.4166666666666667,0.0,0.0,0.0,0.5833333333333334,84,yes,0.3637640449438202,0.04353932584269663,0.0,0.0,0.5926966292134831,712,yes,0.4265098877605559,0.032068412613575625,0.0,0.0,0.5414216996258685,1871
9679,yes,0.4107142857142857,0.0,0.0,0.0,0.5892857142857143,56,yes,0.25252525252525254,0.0,0.0,0.0,0.7474747474747475,396,yes,0.21563573883161513,0.001718213058419244,0.0,0.0,0.7826460481099656,1164
9681,yes,0.045454545454545456,0.0,0.0,0.0,0.9545454545454546,44,yes,0.03896103896103896,0.0,0.0,0.0,0.961038961038961,154,yes,0.03560830860534125,0.0,0.0,0.0,0.9643916913946587,337
9686,yes,0.21428571428571427,0.0,0.0,0.0,0.7857142857142857,14,yes,0.12280701754385964,0.0,0.0,0.0,0.8771929824561403,57,yes,0.05263157894736842,0.0,0.0,0.0,0.9473684210526315,152
9687,yes,0.5384615384615384,0.0,0.0,0.0,0.46153846153846156,26,yes,0.27314814814814814,0.0,0.0,0.0,0.7268518518518519,216,yes,0.15427769985974754,0.016830294530154277,0.0,0.0,0.8288920056100981,713
9689,yes,0.3333333333333333,0.0,0.0,0.0,0.6666666666666666,12,yes,0.38095238095238093,0.011904761904761904,0.0,0.0,0.6071428571428571,84,yes,0.41353383458646614,0.007518796992481203,0.0,0.0,0.5789473684210527,133
9690,yes,0.6956521739130435,0.0,0.0,0.0,0.22608695652173913,115,yes,0.7129963898916968,0.0036101083032490976,0.0,0.0,0.2509025270758123,554,yes,0.6672597864768683,0.009489916963226572,0.0,0.0,0.3125741399762752,1686
9691,yes,0.3157894736842105,0.0,0.0,0.0,0.6842105263157895,19,yes,0.14285714285714285,0.011904761904761904,0.0,0.0,0.8452380952380952,84,yes,0.19393939393939394,0.006060606060606061,0.0,0.0,0.8,165
9692,yes,0.7162162162162162,0.04054054054054054,0.0,0.0,0.24324324324324326,74,yes,0.48041237113402063,0.01443298969072165,0.0,0.0,0.5051546391752577,485,yes,0.4490254872563718,0.022488755622188907,0.0,0.0,0.5284857571214393,1334
9693,unknown,,,,,1.0,32,unknown,,,,,1.0,143,unknown,,,,,1.0,286
9695,yes,0.3584905660377358,0.0,0.0,0.0,0.6415094339622641,53,yes,0.2847457627118644,0.010169491525423728,0.0,0.0,0.7050847457627119,295,yes,0.23067331670822944,0.00997506234413965,0.0,0.0,0.7593516209476309,802
9699,yes,0.18681318681318682,0.0,0.0,0.0,0.8131868131868132,91,yes,0.17027027027027028,0.0,0.0,0.0,0.8297297297297297,370,yes,0.2734375,0.0,0.0,0.0,0.7265625,896
9700,yes,0.4148936170212766,0.0,0.0,0.0,0.5851063829787234,94,yes,0.5048780487804878,0.0,0.0,0.0,0.4951219512195122,820,yes,0.45835982199618563,0.0,0.0,0.0,0.5416401780038144,1573
9704,unknown,,,,,1.0,17,unknown,,,,,1.0,38,unknown,,,,,1.0,70
9705,yes,0.6,0.0,0.0,0.0,0.4,25,yes,0.48257372654155495,0.002680965147453083,0.0,0.0,0.514745308310992,373,yes,0.4159220146222583,0.00487408610885459,0.0,0.0,0.578391551584078,1231
9706,unknown,,,,,1.0,4,unknown,,,,,1.0,14,unknown,,,,,1.0,25
9707,unknown,,,,,1.0,10,yes,0.05555555555555555,0.0,0.0,0.0,0.9444444444444444,72,yes,0.08843537414965986,0.0,0.0,0.0,0.9115646258503401,147
9711,yes,0.17647058823529413,0.0,0.0,0.0,0.8235294117647058,17,yes,0.12903225806451613,0.016129032258064516,0.0,0.0,0.8548387096774194,62,yes,0.13178294573643412,0.007751937984496124,0.0,0.0,0.8604651162790697,129
9712,yes,0.7272727272727273,0.0,0.0,0.0,0.2727272727272727,66,yes,0.5507900677200903,0.0,0.0,0.0,0.4492099322799097,443,yes,0.5189975747776879,0.004042037186742118,0.0,0.0,0.47696038803556995,1237
9714,yes,0.5714285714285714,0.0,0.0,0.0,0.42857142857142855,14,yes,0.19607843137254902,0.0,0.0,0.0,0.803921568627451,51,yes,0.14102564102564102,0.0,0.0,0.0,0.8589743589743589,78
9716,yes,0.6688741721854304,0.0,0.0,0.0,0.33112582781456956,151,yes,0.43820224719101125,0.016853932584269662,0.0,0.0,0.5449438202247191,534,yes,0.4233841684822077,0.008714596949891068,0.0,0.0,0.5679012345679012,1377
9717,yes,0.7758620689655172,0.0,0.0,0.0,0.22413793103448276,58,yes,0.8106796116504854,0.0,0.0,0.0,0.18932038834951456,412,yes,0.7206521739130435,0.009782608695652175,0.0,0.0,0.26956521739130435,920
9719,unknown,,,,,1.0,4,yes,0.125,0.0,0.0,0.0,0.875,32,yes,0.10344827586206896,0.0,0.0,0.0,0.896551724137931,58
9720,yes,0.3333333333333333,0.0,0.0,0.0,0.6666666666666666,33,yes,0.42592592592592593,0.0,0.0,0.0,0.5740740740740741,108,yes,0.4523809523809524,0.050595238095238096,0.0,0.0,0.49702380952380953,336
9722,yes,0.11475409836065574,0.05737704918032787,0.0,0.0,0.8278688524590164,122,yes,0.20711297071129708,0.05230125523012552,0.0,0.0,0.7405857740585774,478,yes,0.1794871794871795,0.03944773175542406,0.0,0.0,0.7810650887573964,1014
9723,yes,0.3584905660377358,0.0,0.0,0.0,0.6415094339622641,53,yes,0.2847457627118644,0.010169491525423728,0.0,0.0,0.7050847457627119,295,yes,0.23067331670822944,0.00997506234413965,0.0,0.0,0.7593516209476309,802
9724,unknown,,,,,1.0,23,unknown,,,,,1.0,95,unknown,,,,,1.0,135
9725,yes,0.6060606060606061,0.0,0.0,0.0,0.3939393939393939,33,yes,0.7792494481236203,0.0,0.0,0.0,0.22075055187637968,453,yes,0.6236811254396248,0.0011723329425556857,0.0,0.0,0.37514654161781946,1706
9726,yes,0.5142857142857142,0.0,0.0,0.0,0.4857142857142857,35,yes,0.3747072599531616,0.0,0.0,0.0,0.6252927400468384,427,yes,0.3486700215672178,0.002875629043853343,0.0,0.0,0.6484543493889289,1391
9729,yes,0.3181818181818182,0.0,0.0,0.0,0.6818181818181818,22,yes,0.5394736842105263,0.0,0.0,0.0,0.4605263157894737,152,yes,0.5494949494949495,0.0,0.0,0.0,0.4505050505050505,495
9731,yes,0.045454545454545456,0.0,0.0,0.0,0.9545454545454546,22,yes,0.024630541871921183,0.0,0.0,0.0,0.9753694581280788,203,yes,0.020618556701030927,0.0,0.0,0.0,0.979381443298969,485
9733,yes,0.39361702127659576,0.02127659574468085,0.0,0.0,0.5851063829787234,94,yes,0.18738404452690166,0.05194805194805195,0.0,0.0,0.7606679035250464,539,yes,0.17077986179664364,0.03356367226061204,0.0,0.0,0.7956564659427443,1013
9735,yes,0.3181818181818182,0.0,0.0,0.0,0.6818181818181818,22,yes,0.5394736842105263,0.0,0.0,0.0,0.4605263157894737,152,yes,0.5494949494949495,0.0,0.0,0.0,0.4505050505050505,495
9738,no,0.045454545454545456,0.13636363636363635,0.0,0.0,0.8181818181818182,22,no,0.02027027027027027,0.04054054054054054,0.0,0.0,0.9391891891891891,148,yes,0.07547169811320754,0.016172506738544475,0.0,0.0,0.9083557951482479,371
9739,unknown,,,,,1.0,20,yes,0.011904761904761904,0.0,0.0,0.0,0.9880952380952381,84,no,0.00625,0.03125,0.0,0.0,0.9625,160
9743,yes,0.5227272727272727,0.0,0.0,0.0,0.4772727272727273,88,yes,0.42008196721311475,0.0020491803278688526,0.0,0.0,0.5778688524590164,488,yes,0.4090106007067138,0.0017667844522968198,0.0,0.0,0.5892226148409894,1132
9744,unknown,,,,,1.0,4,unknown,,,,,1.0,13,unknown,,,,,1.0,25
9745,yes,0.625,0.16666666666666666,0.0,0.0,0.20833333333333334,24,yes,0.4587628865979381,0.07731958762886598,0.0,0.0,0.4639175257731959,194,yes,0.3695090439276486,0.05426356589147287,0.0,0.0,0.5762273901808785,387
9746,unknown,,,,,1.0,37,yes,0.1935483870967742,0.0,0.0,0.0,0.8064516129032258,186,yes,0.18439716312056736,0.0,0.0,0.0,0.8156028368794326,423
9747,yes,0.3169230769230769,0.006153846153846154,0.0,0.0,0.676923076923077,325,yes,0.5149863760217984,0.0018165304268846503,0.0,0.0,0.48319709355131696,1101,yes,0.5461220743460303,0.0018357044515832951,0.0,0.0,0.44607618173474073,2179
9749,yes,0.11904761904761904,0.0,0.0,0.0,0.8809523809523809,42,yes,0.041176470588235294,0.0,0.0,0.0,0.9588235294117647,170,yes,0.020527859237536656,0.0,0.0,0.0,0.9794721407624634,341
9751,yes,0.5074626865671642,0.0,0.0,0.0,0.4925373134328358,67,yes,0.453804347826087,0.002717391304347826,0.0,0.0,0.5434782608695652,736,yes,0.462671406805485,0.002031488065007618,0.0,0.0,0.5352971051295073,1969
9754,yes,0.36363636363636365,0.0,0.0,0.0,0.6363636363636364,11,yes,0.2631578947368421,0.02631578947368421,0.0,0.0,0.7105263157894737,38,yes,0.2236842105263158,0.02631578947368421,0.0,0.0,0.75,76
9755,unknown,,,,,1.0,21,unknown,,,,,1.0,123,unknown,,,,,1.0,235
9760,yes,0.8375,0.0,0.0,0.0,0.1625,80,yes,0.6952380952380952,0.016666666666666666,0.0,0.0,0.28809523809523807,420,yes,0.6162361623616236,0.00984009840098401,0.0,0.0,0.37392373923739236,813
9762,unknown,,,,,1.0,5,yes,0.12,0.0,0.0,0.0,0.88,25,yes,0.07792207792207792,0.0,0.0,0.0,0.922077922077922,77
9763,yes,0.3698630136986301,0.0,0.0,0.0,0.6301369863013698,73,yes,0.27983539094650206,0.0,0.0,0.0,0.720164609053498,486,yes,0.23134328358208955,0.005330490405117271,0.0,0.0,0.7633262260127932,938
9764,unknown,,,,,1.0,16,unknown,,,,,1.0,39,unknown,,,,,1.0,53
9766,yes,0.7764705882352941,0.0,0.0,0.0,0.2,85,yes,0.7393225331369662,0.0029455081001472753,0.0,0.0,0.23122238586156113,679,yes,0.6427423674343867,0.00856989823245849,0.0,0.0,0.339046598821639,1867
9767,yes,0.6857142857142857,0.0,0.0,0.0,0.3142857142857143,35,yes,0.3765432098765432,0.030864197530864196,0.0,0.0,0.5925925925925926,162,yes,0.33611111111111114,0.016666666666666666,0.0,0.0,0.6472222222222223,360
9769,unknown,,,,,1.0,18,unknown,,,,,1.0,28,unknown,,,,,1.0,44
9772,unknown,,,,,1.0,41,unknown,,,,,1.0,140,unknown,,,,,1.0,193
9774,unknown,,,,,1.0,3,unknown,,,,,1.0,13,unknown,,,,,1.0,31
9776,unknown,,,,,1.0,1,unknown,,,,,1.0,49,unknown,,,,,1.0,122
9777,yes,0.21621621621621623,0.0,0.0,0.0,0.7837837837837838,37,yes,0.19545454545454546,0.004545454545454545,0.0,0.0,0.8,220,yes,0.11586901763224182,0.0025188916876574307,0.0,0.0,0.8816120906801007,397
9778,unknown,,,,,1.0,16,unknown,,,,,1.0,66,unknown,,,,,1.0,147
9782,unknown,,,,,1.0,6,yes,0.03636363636363636,0.0,0.0,0.0,0.9636363636363636,55,yes,0.0364963503649635,0.0,0.0,0.0,0.9635036496350365,137
9783,yes,0.11538461538461539,0.0,0.0,0.0,0.8846153846153846,52,yes,0.09046454767726161,0.0,0.0,0.0,0.9095354523227384,409,yes,0.17448979591836736,0.003061224489795918,0.0,0.0,0.8224489795918367,980
9784,yes,0.74,0.0,0.0,0.0,0.26,50,yes,0.6721311475409836,0.01873536299765808,0.0,0.0,0.3091334894613583,427,yes,0.5984189723320158,0.021343873517786563,0.0,0.0,0.38023715415019765,1265
9785,yes,0.85,0.0,0.0,0.0,0.15,20,yes,0.6178861788617886,0.032520325203252036,0.0,0.0,0.34959349593495936,246,yes,0.4847775175644028,0.08665105386416862,0.0,0.0,0.42857142857142855,427
9786,yes,0.5,0.0,0.0,0.0,0.5,20,yes,0.6648648648648648,0.010810810810810811,0.0,0.0,0.32432432432432434,185,yes,0.5575679172056921,0.045278137128072445,0.0,0.0,0.3958602846054334,773
9787,yes,0.8615384615384616,0.0,0.0,0.0,0.13846153846153847,65,yes,0.75,0.006147540983606557,0.0,0.0,0.24385245901639344,488,yes,0.660759493670886,0.009282700421940928,0.0,0.0,0.329957805907173,1185
9788,yes,0.95,0.0,0.0,0.0,0.05,20,yes,0.6836027713625866,0.013856812933025405,0.0,0.0,0.3002309468822171,433,yes,0.5638389031705227,0.00856898029134533,0.0,0.0,0.4267352185089974,1167
9790,unknown,,,,,1.0,9,unknown,,,,,1.0,40,unknown,,,,,1.0,111
9792,yes,0.6984126984126984,0.0,0.0,0.0,0.30158730158730157,63,yes,0.617169373549884,0.0,0.0,0.0,0.382830626450116,431,yes,0.6241379310344828,0.0034482758620689655,0.0,0.0,0.3724137931034483,1160
9793,unknown,,,,,1.0,28,unknown,,,,,1.0,109,unknown,,,,,1.0,206
9794,unknown,,,,,1.0,28,unknown,,,,,1.0,109,unknown,,,,,1.0,206
9795,yes,0.3333333333333333,0.0,0.0,0.0,0.6666666666666666,24,yes,0.18032786885245902,0.0,0.0,0.0,0.8114754098360656,122,yes,0.13215859030837004,0.0,0.0,0.0,0.8634361233480177,227
9797,yes,0.25,0.0,0.0,0.0,0.75,4,yes,0.04411764705882353,0.014705882352941176,0.0,0.0,0.9411764705882353,68,yes,0.02702702702702703,0.018018018018018018,0.0,0.0,0.954954954954955,111
9798,yes,0.375,0.0625,0.0,0.0,0.5625,16,yes,0.6097560975609756,0.004878048780487805,0.0,0.0,0.3853658536585366,205,yes,0.5919811320754716,0.014150943396226415,0.0,0.0,0.3938679245283019,424
9800,yes,0.9090909090909091,0.0,0.0,0.0,0.09090909090909091,33,yes,0.587360594795539,0.0,0.0,0.0,0.41263940520446096,538,yes,0.5296961325966851,0.0013812154696132596,0.0,0.0,0.46892265193370164,1448
9801,unknown,,,,,1.0,10,unknown,,,,,1.0,21,unknown,,,,,1.0,33
9802,unknown,,,,,1.0,20,unknown,,,,,1.0,36,unknown,,,,,1.0,53
9803,no,0.4444444444444444,0.4444444444444444,0.0,0.0,0.1111111111111111,9,yes,0.38095238095238093,0.07142857142857142,0.0,0.0,0.5476190476190477,84,yes,0.30985915492957744,0.04929577464788732,0.0,0.0,0.6408450704225352,142
9804,unknown,,,,,1.0,8,unknown,,,,,1.0,26,no,0.0,0.06976744186046512,0.0,0.0,0.9302325581395349,43
9807,yes,0.45454545454545453,0.0,0.0,0.0,0.5454545454545454,33,yes,0.3286908077994429,0.005571030640668524,0.0,0.0,0.6657381615598886,359,yes,0.43047158403869407,0.014510278113663845,0.0,0.0,0.5550181378476421,827
9811,yes,0.7586206896551724,0.0,0.0,0.0,0.2413793103448276,87,yes,0.5281285878300803,0.0,0.0,0.0,0.4718714121699196,871,yes,0.4582392776523702,0.0018058690744920992,0.0,0.0,0.5399548532731377,2215
9816,unknown,,,,,1.0,6,unknown,,,,,1.0,35,unknown,,,,,1.0,70
9817,unknown,,,,,1.0,2,unknown,,,,,1.0,17,unknown,,,,,1.0,28
9818,yes,0.08333333333333333,0.0,0.0,0.0,0.9166666666666666,12,yes,0.1,0.0,0.0,0.0,0.9,30,yes,0.08641975308641975,0.0,0.0,0.0,0.9135802469135802,81
9819,yes,0.30844155844155846,0.006493506493506494,0.0,0.0,0.685064935064935,308,yes,0.5086599817684594,0.0018231540565177757,0.0,0.0,0.48951686417502277,1097,yes,0.5412844036697247,0.001834862385321101,0.0,0.0,0.4518348623853211,2180
9820,unknown,,,,,1.0,13,unknown,,,,,1.0,55,unknown,,,,,1.0,145
9821,no,0.4166666666666667,0.5,0.0,0.0,0.08333333333333333,24,yes,0.4262295081967213,0.4098360655737705,0.0,0.0,0.16393442622950818,61,no,0.33695652173913043,0.391304347826087,0.0,0.0,0.2717391304347826,92
9822,unknown,,,,,1.0,1,unknown,,,,,1.0,7,unknown,,,,,1.0,12
9826,yes,0.14285714285714285,0.0,0.0,0.0,0.8571428571428571,7,yes,0.2597402597402597,0.0,0.0,0.0,0.7402597402597403,77,yes,0.12637362637362637,0.0,0.0,0.0,0.8736263736263736,182
9827,unknown,,,,,1.0,24,unknown,,,,,1.0,117,unknown,,,,,1.0,269
9828,yes,0.9411764705882353,0.0,0.0,0.0,0.058823529411764705,34,yes,0.8455598455598455,0.003861003861003861,0.0,0.0,0.15057915057915058,259,yes,0.7632978723404256,0.0013297872340425532,0.0,0.0,0.23537234042553193,752
9829,yes,0.14285714285714285,0.0,0.0,0.0,0.8571428571428571,21,yes,0.041666666666666664,0.0,0.0,0.0,0.9583333333333334,120,yes,0.02843601895734597,0.0,0.0,0.0,0.9715639810426541,211
9830,unknown,,,,,1.0,26,yes,0.13278008298755187,0.008298755186721992,0.0,0.0,0.8589211618257261,241,yes,0.15966386554621848,0.0070028011204481795,0.0,0.0,0.8333333333333334,714
9831,yes,0.28735632183908044,0.0,0.0,0.0,0.7126436781609196,87,yes,0.24519230769230768,0.0016025641025641025,0.0,0.0,0.7532051282051282,624,yes,0.26390870185449355,0.0007132667617689016,0.0,0.0,0.7353780313837375,1402
9834,yes,0.2857142857142857,0.0,0.0,0.0,0.7142857142857143,70,yes,0.23129251700680273,0.0,0.0,0.0,0.7687074829931972,441,yes,0.20913016656384947,0.0006169031462060457,0.0,0.0,0.7896360271437385,1621
9835,yes,0.5967741935483871,0.0,0.0,0.0,0.4032258064516129,62,yes,0.42160278745644597,0.0,0.0,0.0,0.578397212543554,287,yes,0.37789904502046384,0.005457025920873124,0.0,0.0,0.616643929058663,733
9836,unknown,,,,,1.0,12,unknown,,,,,1.0,43,unknown,,,,,1.0,81
9837,yes,0.45,0.0,0.0,0.0,0.55,80,yes,0.725,0.0,0.0,0.0,0.2653846153846154,520,yes,0.6224758560140474,0.000877963125548727,0.0,0.0,0.3722563652326602,1139
9840,yes,0.8888888888888888,0.0,0.0,0.0,0.1111111111111111,45,yes,0.6,0.0,0.0,0.0,0.4,365,yes,0.5912343470483006,0.0017889087656529517,0.0,0.0,0.4069767441860465,1118
9848,unknown,,,,,1.0,20,unknown,,,,,1.0,52,unknown,,,,,1.0,83
9853,unknown,,,,,1.0,32,yes,0.00684931506849315,0.0,0.0,0.0,0.9931506849315068,146,yes,0.0061162079510703364,0.0,0.0,0.0,0.9938837920489296,327
9854,yes,0.2727272727272727,0.0,0.0,0.0,0.7272727272727273,11,yes,0.13432835820895522,0.014925373134328358,0.0,0.0,0.8507462686567164,67,yes,0.13071895424836602,0.013071895424836602,0.0,0.0,0.8562091503267973,153
9859,yes,0.15217391304347827,0.0,0.0,0.0,0.8478260869565217,46,yes,0.10743801652892562,0.005509641873278237,0.0,0.0,0.8870523415977961,363,yes,0.13743455497382198,0.014397905759162303,0.0,0.0,0.8481675392670157,764
9860,yes,0.835820895522388,0.0,0.0,0.0,0.16417910447761194,67,yes,0.841845140032949,0.004942339373970346,0.0,0.0,0.15321252059308071,607,yes,0.8,0.013284132841328414,0.0,0.0,0.18671586715867158,1355
9863,yes,0.5595238095238095,0.0,0.0,0.0,0.44047619047619047,84,yes,0.37037037037037035,0.0,0.0,0.0,0.6296296296296297,513,yes,0.46901408450704224,0.0007042253521126761,0.0,0.0,0.530281690140845,1420
9868,yes,0.06818181818181818,0.0,0.0,0.0,0.9318181818181818,44,yes,0.09333333333333334,0.0,0.0,0.0,0.9066666666666666,300,yes,0.12681510164569215,0.02032913843175218,0.0,0.0,0.8528557599225557,1033
9869,yes,0.835820895522388,0.0,0.0,0.0,0.16417910447761194,67,yes,0.841845140032949,0.004942339373970346,0.0,0.0,0.15321252059308071,607,yes,0.8,0.013284132841328414,0.0,0.0,0.18671586715867158,1355
9870,yes,0.9166666666666666,0.0,0.0,0.0,0.08333333333333333,12,yes,0.5203252032520326,0.0,0.0,0.0,0.4796747967479675,246,yes,0.5031847133757962,0.0,0.0,0.0,0.4968152866242038,471
9872,unknown,,,,,1.0,50,unknown,,,,,1.0,128,unknown,,,,,1.0,178
9873,unknown,,,,,1.0,5,unknown,,,,,1.0,12,unknown,,,,,1.0,28
9876,unknown,,,,,1.0,15,unknown,,,,,1.0,131,unknown,,,,,1.0,267
9877,unknown,,,,,1.0,1,unknown,,,,,1.0,10,unknown,,,,,1.0,19
9878,unknown,,,,,1.0,21,unknown,,,,,1.0,87,yes,0.0440251572327044,0.0,0.0,0.0,0.9559748427672956,159
9880,yes,0.08771929824561403,0.0,0.0,0.0,0.9122807017543859,57,yes,0.043478260869565216,0.0,0.0,0.0,0.9565217391304348,184,yes,0.03496503496503497,0.0,0.0,0.0,0.965034965034965,286
9881,unknown,,,,,1.0,6,unknown,,,,,1.0,50,unknown,,,,,1.0,61
9882,unknown,,,,,1.0,35,unknown,,,,,1.0,138,unknown,,,,,1.0,274
9883,yes,0.358695652173913,0.0,0.0,0.0,0.6413043478260869,92,yes,0.318739054290718,0.0035026269702276708,0.0,0.0,0.6777583187390543,571,yes,0.3998397435897436,0.002403846153846154,0.0,0.0,0.5977564102564102,1248
9887,unknown,,,,,1.0,10,unknown,,,,,1.0,60,unknown,,,,,1.0,101
9889,unknown,,,,,1.0,11,unknown,,,,,1.0,94,unknown,,,,,1.0,138
9890,unknown,,,,,1.0,9,unknown,,,,,1.0,58,unknown,,,,,1.0,111
9891,yes,0.6470588235294118,0.0,0.0,0.0,0.35294117647058826,68,yes,0.6567567567567567,0.0,0.0,0.0,0.34324324324324323,370,yes,0.6150907354345749,0.0,0.0,0.0,0.38013371537726837,1047
9892,yes,0.38461538461538464,0.0,0.0,0.0,0.6153846153846154,13,yes,0.09230769230769231,0.0,0.0,0.0,0.9076923076923077,65,yes,0.061946902654867256,0.0,0.0,0.0,0.9380530973451328,113
9894,unknown,,,,,1.0,8,yes,0.15702479338842976,0.0,0.0,0.0,0.8429752066115702,121,yes,0.12295081967213115,0.0,0.0,0.0,0.8729508196721312,244
9895,yes,0.3333333333333333,0.0,0.0,0.0,0.6666666666666666,24,yes,0.215,0.0,0.0,0.0,0.785,200,yes,0.17945007235890015,0.011577424023154847,0.0,0.0,0.808972503617945,691
9896,yes,0.7428571428571429,0.0,0.0,0.0,0.2571428571428571,35,yes,0.5438066465256798,0.0,0.0,0.0,0.4561933534743202,331,yes,0.5,0.0,0.0,0.0,0.5,1010
9900,yes,0.7903225806451613,0.0,0.0,0.0,0.20967741935483872,62,yes,0.8236842105263158,0.0,0.0,0.0,0.1763157894736842,380,yes,0.7827669902912622,0.0024271844660194173,0.0,0.0,0.21480582524271843,824
9902,yes,0.0625,0.0,0.0,0.0,0.9375,16,yes,0.005649717514124294,0.0,0.0,0.0,0.9943502824858758,177,yes,0.005208333333333333,0.0,0.0,0.0,0.9947916666666666,384
9905,unknown,,,,,1.0,21,unknown,,,,,1.0,90,unknown,,,,,1.0,222
9906,yes,0.8421052631578947,0.013157894736842105,0.0,0.0,0.14473684210526316,76,yes,0.7984790874524715,0.0038022813688212928,0.0,0.0,0.19771863117870722,526,yes,0.7346072186836518,0.01556970983722576,0.0,0.0,0.24982307147912244,1413
9907,yes,0.6875,0.0,0.0,0.0,0.3125,16,yes,0.2222222222222222,0.0,0.0,0.0,0.7777777777777778,99,yes,0.1276595744680851,0.0,0.0,0.0,0.8723404255319149,282
9910,yes,0.8409090909090909,0.0,0.0,0.0,0.1590909090909091,44,yes,0.7605321507760532,0.004434589800443459,0.0,0.0,0.23503325942350334,451,yes,0.6622516556291391,0.009933774834437087,0.0,0.0,0.32781456953642385,1208
9913,yes,0.8142857142857143,0.0,0.0,0.0,0.18571428571428572,70,yes,0.7854330708661418,0.0,0.0,0.0,0.21456692913385828,508,yes,0.6795952782462057,0.01011804384485666,0.0,0.0,0.3102866779089376,1186
9914,yes,0.631578947368421,0.0,0.0,0.0,0.3684210526315789,19,yes,0.5958904109589042,0.0,0.0,0.0,0.4041095890410959,146,yes,0.5230125523012552,0.0,0.0,0.0,0.4686192468619247,239
9918,unknown,,,,,1.0,11,unknown,,,,,1.0,52,unknown,,,,,1.0,84
9919,yes,0.39361702127659576,0.02127659574468085,0.0,0.0,0.5851063829787234,94,yes,0.18738404452690166,0.05194805194805195,0.0,0.0,0.7606679035250464,539,yes,0.17077986179664364,0.03356367226061204,0.0,0.0,0.7956564659427443,1013
9920,yes,0.4375,0.0,0.0,0.0,0.5625,16,yes,0.375,0.0,0.0,0.0,0.625,24,yes,0.28125,0.0,0.0,0.0,0.71875,32
9921,unknown,,,,,1.0,26,unknown,,,,,1.0,89,unknown,,,,,1.0,160
9922,yes,0.11475409836065574,0.05737704918032787,0.0,0.0,0.8278688524590164,122,yes,0.20711297071129708,0.05230125523012552,0.0,0.0,0.7405857740585774,478,yes,0.1794871794871795,0.03944773175542406,0.0,0.0,0.7810650887573964,1014
9923,unknown,,,,,1.0,39,unknown,,,,,1.0,198,unknown,,,,,1.0,255
9926,yes,0.4909090909090909,0.0,0.0,0.0,0.509090909090909,55,yes,0.2644230769230769,0.0,0.0,0.0,0.7355769230769231,208,yes,0.24162679425837322,0.0,0.0,0.0,0.7583732057416268,418
9929,yes,0.041666666666666664,0.0,0.0,0.0,0.9583333333333334,24,yes,0.056818181818181816,0.022727272727272728,0.0,0.0,0.9204545454545454,88,yes,0.07058823529411765,0.011764705882352941,0.0,0.0,0.9176470588235294,170
9930,yes,0.1,0.0,0.0,0.0,0.9,10,yes,0.2962962962962963,0.0,0.0,0.0,0.7037037037037037,162,yes,0.3148614609571788,0.012594458438287154,0.0,0.0,0.672544080604534,397
9931,unknown,,,,,1.0,7,unknown,,,,,1.0,35,unknown,,,,,1.0,66
9937,unknown,,,,,1.0,11,unknown,,,,,1.0,51,unknown,,,,,1.0,68
9938,yes,0.023255813953488372,0.0,0.0,0.0,0.9767441860465116,43,yes,0.012232415902140673,0.0,0.0,0.0,0.9877675840978594,327,yes,0.05235042735042735,0.0010683760683760685,0.0,0.0,0.9465811965811965,936
9939,yes,0.74,0.0,0.0,0.0,0.26,50,yes,0.6721311475409836,0.01873536299765808,0.0,0.0,0.3091334894613583,427,yes,0.5984189723320158,0.021343873517786563,0.0,0.0,0.38023715415019765,1265
9940,yes,0.98,0.0,0.0,0.0,0.02,50,yes,0.8858695652173914,0.002717391304347826,0.0,0.0,0.11141304347826086,368,yes,0.7201540436456996,0.0025673940949935813,0.0,0.0,0.2772785622593068,779
9941,unknown,,,,,1.0,3,unknown,,,,,1.0,12,unknown,,,,,1.0,70
9942,yes,0.31746031746031744,0.0,0.0,0.0,0.6825396825396826,63,yes,0.23026315789473684,0.003289473684210526,0.0,0.0,0.7664473684210527,608,yes,0.1696927374301676,0.002094972067039106,0.0,0.0,0.8282122905027933,1432
9943,yes,0.717391304347826,0.0,0.0,0.0,0.2826086956521739,92,yes,0.6606217616580311,0.007772020725388601,0.0,0.0,0.3316062176165803,386,yes,0.5827686350435625,0.005808325266214908,0.0,0.0,0.41142303969022265,1033
9944,yes,0.058823529411764705,0.0,0.0,0.0,0.9411764705882353,68,yes,0.12091503267973856,0.0032679738562091504,0.0,0.0,0.8758169934640523,306,yes,0.14860681114551083,0.0015479876160990713,0.0,0.0,0.8498452012383901,646
9946,unknown,,,,,1.0,5,unknown,,,,,1.0,14,unknown,,,,,1.0,26
9948,yes,0.6,0.0,0.0,0.0,0.4,5,yes,0.2972972972972973,0.0,0.0,0.0,0.7027027027027027,37,yes,0.23469387755102042,0.0,0.0,0.0,0.7653061224489796,98
9950,unknown,,,,,1.0,9,unknown,,,,,1.0,21,unknown,,,,,1.0,28
9951,yes,0.5405405405405406,0.0,0.0,0.0,0.4594594594594595,37,yes,0.4854014598540146,0.0,0.0,0.0,0.5145985401459854,274,yes,0.5335689045936396,0.0,0.0,0.0,0.4664310954063604,566
9953,unknown,,,,,1.0,14,unknown,,,,,1.0,80,unknown,,,,,1.0,88
9959,unknown,,,,,1.0,8,unknown,,,,,1.0,25,unknown,,,,,1.0,29
9960,yes,0.3125,0.020833333333333332,0.0,0.0,0.6666666666666666,48,yes,0.33643122676579923,0.10408921933085502,0.0,0.0,0.5594795539033457,538,yes,0.2524127691165553,0.08314773570898293,0.0,0.0,0.6644394951744618,1347
9961,yes,0.8142857142857143,0.0,0.0,0.0,0.18571428571428572,70,yes,0.7854330708661418,0.0,0.0,0.0,0.21456692913385828,508,yes,0.6795952782462057,0.01011804384485666,0.0,0.0,0.3102866779089376,1186
9963,yes,0.31746031746031744,0.0,0.0,0.0,0.6825396825396826,63,yes,0.23026315789473684,0.003289473684210526,0.0,0.0,0.7664473684210527,608,yes,0.1696927374301676,0.002094972067039106,0.0,0.0,0.8282122905027933,1432
9967,unknown,,,,,1.0,24,yes,0.020833333333333332,0.0,0.0,0.0,0.9791666666666666,192,yes,0.009708737864077669,0.0,0.0,0.0,0.9902912621359223,412
9969,unknown,,,,,1.0,17,unknown,,,,,1.0,93,yes,0.004975124378109453,0.0,0.0,0.0,0.9950248756218906,201
9972,yes,0.1,0.0,0.0,0.0,0.9,10,yes,0.2962962962962963,0.0,0.0,0.0,0.7037037037037037,162,yes,0.3148614609571788,0.012594458438287154,0.0,0.0,0.672544080604534,397
9973,unknown,,,,,1.0,14,unknown,,,,,1.0,48,unknown,,,,,1.0,85
9974,yes,0.2786885245901639,0.0,0.0,0.0,0.7213114754098361,61,yes,0.14657210401891252,0.014184397163120567,0.0,0.0,0.8392434988179669,423,yes,0.10640495867768596,0.008264462809917356,0.0,0.0,0.8853305785123967,968
9975,unknown,,,,,1.0,8,yes,0.030303030303030304,0.0,0.0,0.0,0.9696969696969697,33,yes,0.04,0.0,0.0,0.0,0.96,100
9978,unknown,,,,,1.0,9,unknown,,,,,1.0,73,unknown,,,,,1.0,190
9982,yes,0.6470588235294118,0.12941176470588237,0.0,0.0,0.2235294117647059,85,yes,0.562942008486563,0.02263083451202263,0.0,0.0,0.4144271570014144,707,yes,0.566002490660025,0.01805728518057285,0.0,0.0,0.4140722291407223,1606
9983,unknown,,,,,1.0,6,unknown,,,,,1.0,20,unknown,,,,,1.0,27
9985,yes,0.5454545454545454,0.0,0.0,0.0,0.45454545454545453,44,yes,0.3867069486404834,0.0030211480362537764,0.0,0.0,0.6102719033232629,331,yes,0.2677595628415301,0.001092896174863388,0.0,0.0,0.7311475409836066,915
9986,unknown,,,,,1.0,17,yes,0.07920792079207921,0.0,0.0,0.0,0.9207920792079208,101,yes,0.12162162162162163,0.0,0.0,0.0,0.8783783783783784,370
9987,yes,0.08333333333333333,0.0,0.0,0.0,0.9166666666666666,24,yes,0.08333333333333333,0.0,0.0,0.0,0.9166666666666666,72,yes,0.050724637681159424,0.0,0.0,0.0,0.9492753623188406,138
9988,yes,0.696969696969697,0.0,0.0,0.0,0.30303030303030304,66,yes,0.4723404255319149,0.00425531914893617,0.0,0.0,0.5234042553191489,235,yes,0.5368098159509203,0.006134969325153374,0.0,0.0,0.4539877300613497,652
9990,yes,0.6666666666666666,0.0,0.0,0.0,0.3333333333333333,48,yes,0.6628131021194605,0.0038535645472061657,0.0,0.0,0.3333333333333333,519,yes,0.6909620991253644,0.013119533527696793,0.0,0.0,0.29591836734693877,1372
9992,yes,0.775,0.0,0.0,0.0,0.225,40,yes,0.660377358490566,0.005390835579514825,0.0,0.0,0.33423180592991913,371,yes,0.5559471365638766,0.0026431718061674008,0.0,0.0,0.44140969162995597,1135
9993,unknown,,,,,1.0,25,unknown,,,,,1.0,56,unknown,,,,,1.0,73
9994,yes,0.02631578947368421,0.0,0.0,0.0,0.9736842105263158,38,yes,0.011363636363636364,0.0,0.0,0.0,0.9886363636363636,176,yes,0.03350970017636684,0.0,0.0,0.0,0.9664902998236331,567
9996,yes,0.3333333333333333,0.0,0.0,0.0,0.6666666666666666,15,yes,0.08571428571428572,0.0,0.0,0.0,0.9142857142857143,105,yes,0.07692307692307693,0.005494505494505495,0.0,0.0,0.9175824175824175,182
9997,unknown,,,,,1.0,10,unknown,,,,,1.0,55,unknown,,,,,1.0,74
9999,yes,0.7222222222222222,0.0,0.0,0.0,0.2777777777777778,36,yes,0.38317757009345793,0.0,0.0,0.0,0.616822429906542,214,yes,0.3621621621621622,0.0,0.0,0.0,0.6378378378378379,370
10002,yes,0.2222222222222222,0.0,0.0,0.0,0.7777777777777778,9,yes,0.19,0.0,0.0,0.0,0.81,100,yes,0.10689655172413794,0.0,0.0,0.0,0.8931034482758621,290
10004,unknown,,,,,1.0,36,unknown,,,,,1.0,276,unknown,,,,,1.0,457
10006,yes,0.08695652173913043,0.0,0.0,0.0,0.9130434782608695,23,yes,0.03,0.0,0.0,0.0,0.97,100,yes,0.016853932584269662,0.0,0.0,0.0,0.9831460674157303,178
10007,unknown,,,,,1.0,8,unknown,,,,,1.0,62,unknown,,,,,1.0,173
10008,yes,0.9411764705882353,0.0,0.0,0.0,0.058823529411764705,34,yes,0.8455598455598455,0.003861003861003861,0.0,0.0,0.15057915057915058,259,yes,0.7632978723404256,0.0013297872340425532,0.0,0.0,0.23537234042553193,752
10009,unknown,,,,,1.0,5,unknown,,,,,1.0,25,unknown,,,,,1.0,52
10011,yes,0.041666666666666664,0.0,0.0,0.0,0.9583333333333334,24,yes,0.03529411764705882,0.0,0.0,0.0,0.9647058823529412,85,yes,0.02912621359223301,0.0,0.0,0.0,0.970873786407767,103
10013,yes,0.225,0.0,0.0,0.0,0.775,40,yes,0.15384615384615385,0.010256410256410256,0.0,0.0,0.8358974358974359,195,yes,0.12371134020618557,0.006872852233676976,0.0,0.0,0.8694158075601375,291
10015,yes,0.5194805194805194,0.14285714285714285,0.0,0.0,0.33766233766233766,77,yes,0.2709284627092846,0.0715372907153729,0.0,0.0,0.6575342465753424,657,yes,0.3293543136190993,0.041779706999457406,0.0,0.0,0.6288659793814433,1843
10017,unknown,,,,,1.0,2,unknown,,,,,1.0,10,yes,0.05084745762711865,0.0,0.0,0.0,0.9491525423728814,59
10019,yes,0.21739130434782608,0.0,0.0,0.0,0.782608695652174,23,yes,0.19858156028368795,0.0,0.0,0.0,0.8014184397163121,282,yes,0.14464534075104313,0.0013908205841446453,0.0,0.0,0.8539638386648123,719
10020,yes,0.36,0.04,0.0,0.0,0.6,75,yes,0.4898876404494382,0.03146067415730337,0.0,0.0,0.4786516853932584,445,yes,0.49024822695035464,0.025709219858156027,0.0,0.0,0.48404255319148937,1128
10021,yes,0.024390243902439025,0.0,0.0,0.0,0.975609756097561,41,yes,0.007142857142857143,0.0,0.0,0.0,0.9928571428571429,140,no,0.004149377593360996,0.024896265560165973,0.0,0.0,0.970954356846473,241
10025,unknown,,,,,1.0,7,unknown,,,,,1.0,23,unknown,,,,,1.0,27
10026,yes,0.5,0.0,0.0,0.0,0.5,20,yes,0.6648648648648648,0.010810810810810811,0.0,0.0,0.32432432432432434,185,yes,0.5575679172056921,0.045278137128072445,0.0,0.0,0.3958602846054334,773
10030,yes,0.13043478260869565,0.0,0.0,0.0,0.8695652173913043,46,yes,0.07655502392344497,0.0,0.0,0.0,0.9234449760765551,209,yes,0.09307875894988067,0.00954653937947494,0.0,0.0,0.8973747016706444,419
10031,yes,0.022222222222222223,0.0,0.0,0.0,0.9777777777777777,45,yes,0.03985507246376811,0.0036231884057971015,0.0,0.0,0.9565217391304348,276,yes,0.04208754208754209,0.0016835016835016834,0.0,0.0,0.9562289562289562,594
10034,unknown,,,,,1.0,18,yes,0.012422360248447204,0.0,0.0,0.0,0.9875776397515528,161,yes,0.00554016620498615,0.0,0.0,0.0,0.9944598337950139,361
10044,unknown,,,,,1.0,42,unknown,,,,,1.0,132,unknown,,,,,1.0,174
10047,yes,0.16964285714285715,0.0,0.0,0.0,0.8303571428571429,112,yes,0.27003699136868065,0.0012330456226880395,0.0,0.0,0.7287299630086314,811,yes,0.2278409090909091,0.0011363636363636363,0.0,0.0,0.7710227272727272,1760
10050,yes,0.1388888888888889,0.0,0.0,0.0,0.8611111111111112,36,yes,0.10126582278481013,0.012658227848101266,0.0,0.0,0.8860759493670886,158,yes,0.16,0.02,0.0,0.0,0.82,300
10054,yes,0.8615384615384616,0.0,0.0,0.0,0.13846153846153847,65,yes,0.75,0.006147540983606557,0.0,0.0,0.24385245901639344,488,yes,0.660759493670886,0.009282700421940928,0.0,0.0,0.329957805907173,1185
10055,unknown,,,,,1.0,6,unknown,,,,,1.0,34,unknown,,,,,1.0,63
10058,unknown,,,,,1.0,13,unknown,,,,,1.0,37,unknown,,,,,1.0,60
10062,yes,0.38461538461538464,0.0,0.0,0.0,0.6153846153846154,26,yes,0.14666666666666667,0.0,0.0,0.0,0.8533333333333334,75,yes,0.10679611650485436,0.0,0.0,0.0,0.8932038834951457,103
10063,yes,0.375,0.0,0.0,0.0,0.625,160,yes,0.23859191655801826,0.002607561929595828,0.0,0.0,0.758800521512386,767,yes,0.2526439482961222,0.0023501762632197414,0.0,0.0,0.745005875440658,1702
10064,unknown,,,,,1.0,18,yes,0.04081632653061224,0.0,0.0,0.0,0.9591836734693877,49,yes,0.02127659574468085,0.0,0.0,0.0,0.9787234042553191,94
10065,yes,0.75,0.0,0.0,0.0,0.25,44,yes,0.5397489539748954,0.1087866108786611,0.0,0.0,0.3514644351464435,239,yes,0.49414519906323184,0.08196721311475409,0.0,0.0,0.4238875878220141,427
10066,unknown,,,,,1.0,23,unknown,,,,,1.0,90,unknown,,,,,1.0,182
10067,yes,0.43103448275862066,0.0,0.0,0.0,0.5689655172413793,58,yes,0.486013986013986,0.0,0.0,0.0,0.513986013986014,286,yes,0.5041322314049587,0.0,0.0,0.0,0.49586776859504134,605
10069,yes,0.8615384615384616,0.0,0.0,0.0,0.13846153846153847,65,yes,0.75,0.006147540983606557,0.0,0.0,0.24385245901639344,488,yes,0.660759493670886,0.009282700421940928,0.0,0.0,0.329957805907173,1185
10072,unknown,,,,,1.0,29,unknown,,,,,1.0,75,unknown,,,,,1.0,114
10073,unknown,,,,,1.0,3,unknown,,,,,1.0,15,unknown,,,,,1.0,26
10076,yes,0.0625,0.0,0.0,0.0,0.9375,16,yes,0.005649717514124294,0.0,0.0,0.0,0.9943502824858758,177,yes,0.005208333333333333,0.0,0.0,0.0,0.9947916666666666,384
10077,unknown,,,,,1.0,11,unknown,,,,,1.0,33,unknown,,,,,1.0,65
10080,yes,0.04,0.0,0.0,0.0,0.96,50,yes,0.054878048780487805,0.0,0.0,0.0,0.9451219512195121,164,yes,0.05865102639296188,0.0,0.0,0.0,0.9413489736070382,341
10081,yes,0.025,0.0,0.0,0.0,0.975,40,yes,0.029304029304029304,0.0,0.0,0.0,0.9706959706959707,273,yes,0.03650586701434159,0.0,0.0,0.0,0.9634941329856584,767
10083,yes,0.28735632183908044,0.0,0.0,0.0,0.7126436781609196,87,yes,0.157439446366782,0.005190311418685121,0.0,0.0,0.8373702422145328,578,yes,0.1918142944410507,0.0018326206475259622,0.0,0.0,0.8063530849114233,1637
10084,yes,0.3584905660377358,0.0,0.0,0.0,0.6415094339622641,53,yes,0.2847457627118644,0.010169491525423728,0.0,0.0,0.7050847457627119,295,yes,0.23067331670822944,0.00997506234413965,0.0,0.0,0.7593516209476309,802
10085,yes,0.8260869565217391,0.0,0.0,0.0,0.17391304347826086,115,yes,0.749185667752443,0.014657980456026058,0.0,0.0,0.23615635179153094,614,yes,0.7377521613832853,0.012968299711815562,0.0,0.0,0.24927953890489912,1388
10088,unknown,,,,,1.0,3,unknown,,,,,1.0,10,unknown,,,,,1.0,26
10089,yes,0.5967741935483871,0.0,0.0,0.0,0.4032258064516129,62,yes,0.42160278745644597,0.0,0.0,0.0,0.578397212543554,287,yes,0.37789904502046384,0.005457025920873124,0.0,0.0,0.616643929058663,733
10090,yes,0.5,0.0,0.0,0.0,0.5,20,yes,0.6648648648648648,0.010810810810810811,0.0,0.0,0.32432432432432434,185,yes,0.5575679172056921,0.045278137128072445,0.0,0.0,0.3958602846054334,773
10091,yes,0.18681318681318682,0.0,0.0,0.0,0.8131868131868132,91,yes,0.17027027027027028,0.0,0.0,0.0,0.8297297297297297,370,yes,0.2734375,0.0,0.0,0.0,0.7265625,896
10092,yes,0.7758620689655172,0.0,0.0,0.0,0.22413793103448276,58,yes,0.8106796116504854,0.0,0.0,0.0,0.18932038834951456,412,yes,0.7206521739130435,0.009782608695652175,0.0,0.0,0.26956521739130435,920
10093,unknown,,,,,1.0,13,unknown,,,,,1.0,26,unknown,,,,,1.0,35
10096,unknown,,,,,1.0,10,unknown,,,,,1.0,55,unknown,,,,,1.0,75
10100,yes,0.2916666666666667,0.0,0.0,0.0,0.7083333333333334,24,yes,0.17142857142857143,0.0,0.0,0.0,0.8285714285714286,70,yes,0.16161616161616163,0.010101010101010102,0.0,0.0,0.8282828282828283,99
10102,yes,0.21951219512195122,0.0,0.0,0.0,0.7804878048780488,41,yes,0.2199074074074074,0.0,0.0,0.0,0.7800925925925926,432,yes,0.21395348837209302,0.0018604651162790699,0.0,0.0,0.7841860465116279,1075
10105,unknown,,,,,1.0,8,unknown,,,,,1.0,17,unknown,,,,,1.0,24
10108,yes,0.25882352941176473,0.0,0.0,0.0,0.7411764705882353,85,yes,0.1834710743801653,0.0049586776859504135,0.0,0.0,0.8115702479338843,605,yes,0.1984126984126984,0.002442002442002442,0.0,0.0,0.7991452991452992,1638
10109,unknown,,,,,1.0,14,unknown,,,,,1.0,30,no,0.0,0.020202020202020204,0.0,0.0,0.9797979797979798,99
10110,yes,0.6981132075471698,0.07547169811320754,0.0,0.0,0.22641509433962265,53,yes,0.5941422594142259,0.016736401673640166,0.0,0.0,0.3891213389121339,239,yes,0.5093457943925234,0.009345794392523364,0.0,0.0,0.48130841121495327,428
10111,yes,0.07692307692307693,0.0,0.0,0.0,0.9230769230769231,26,yes,0.22844827586206898,0.0,0.0,0.0,0.771551724137931,232,yes,0.1780185758513932,0.006191950464396285,0.0,0.0,0.8157894736842105,646
10114,yes,0.1346153846153846,0.0,0.0,0.0,0.8653846153846154,52,yes,0.10743801652892562,0.03305785123966942,0.0,0.0,0.859504132231405,484,yes,0.1524547803617571,0.024117140396210164,0.0,0.0,0.8234280792420328,1161
10115,unknown,,,,,1.0,13,unknown,,,,,1.0,63,unknown,,,,,1.0,110
10119,yes,0.1,0.0,0.0,0.0,0.9,10,yes,0.08163265306122448,0.0,0.0,0.0,0.9183673469387755,49,yes,0.08235294117647059,0.0,0.0,0.0,0.9176470588235294,85
10120,yes,0.5142857142857142,0.0,0.0,0.0,0.4857142857142857,35,yes,0.3747072599531616,0.0,0.0,0.0,0.6252927400468384,427,yes,0.3486700215672178,0.002875629043853343,0.0,0.0,0.6484543493889289,1391
10121,unknown,,,,,1.0,4,unknown,,,,,1.0,47,yes,0.012658227848101266,0.0,0.0,0.0,0.9873417721518988,158
10122,yes,0.058823529411764705,0.0,0.0,0.0,0.9411764705882353,17,yes,0.1799163179916318,0.03347280334728033,0.0,0.0,0.7866108786610879,239,yes,0.12080536912751678,0.017897091722595078,0.0,0.0,0.8612975391498882,447
10125,unknown,,,,,1.0,8,unknown,,,,,1.0,72,unknown,,,,,1.0,188
10126,yes,0.21951219512195122,0.0,0.0,0.0,0.7804878048780488,41,yes,0.2199074074074074,0.0,0.0,0.0,0.7800925925925926,432,yes,0.21395348837209302,0.0018604651162790699,0.0,0.0,0.7841860465116279,1075
10127,yes,0.8484848484848485,0.0,0.0,0.0,0.15151515151515152,33,yes,0.5619469026548672,0.07964601769911504,0.0,0.0,0.3584070796460177,226,yes,0.48243559718969553,0.08665105386416862,0.0,0.0,0.4309133489461358,427
10128,yes,0.5,0.0,0.0,0.0,0.5,14,yes,0.5451612903225806,0.0,0.0,0.0,0.45483870967741935,310,yes,0.6045364891518737,0.004930966469428008,0.0,0.0,0.38560157790927024,1014
10131,yes,0.0625,0.0,0.0,0.0,0.9375,16,yes,0.005649717514124294,0.0,0.0,0.0,0.9943502824858758,177,yes,0.005208333333333333,0.0,0.0,0.0,0.9947916666666666,384
10134,yes,0.044444444444444446,0.0,0.0,0.0,0.9555555555555556,45,yes,0.08064516129032258,0.0,0.0,0.0,0.9193548387096774,186,yes,0.051194539249146756,0.0,0.0,0.0,0.9488054607508533,293
10136,unknown,,,,,1.0,10,unknown,,,,,1.0,35,unknown,,,,,1.0,64
10137,unknown,,,,,1.0,8,unknown,,,,,1.0,30,yes,0.046153846153846156,0.015384615384615385,0.0,0.0,0.9384615384615385,65
10138,unknown,,,,,1.0,40,yes,0.008547008547008548,0.0,0.0,0.0,0.9914529914529915,117,yes,0.005263157894736842,0.0,0.0,0.0,0.9947368421052631,190
10141,unknown,,,,,1.0,15,unknown,,,,,1.0,21,unknown,,,,,1.0,32
10142,unknown,,,,,1.0,3,yes,0.09090909090909091,0.0,0.0,0.0,0.9090909090909091,33,yes,0.046875,0.0,0.0,0.0,0.953125,64
10143,unknown,,,,,1.0,16,unknown,,,,,1.0,48,unknown,,,,,1.0,69
10145,unknown,,,,,1.0,8,no,0.0,0.13333333333333333,0.0,0.0,0.8222222222222222,45,no,0.0,0.13253012048192772,0.0,0.0,0.8433734939759037,83
10146,unknown,,,,,1.0,32,unknown,,,,,1.0,124,unknown,,,,,1.0,236
10147,unknown,,,,,1.0,4,unknown,,,,,1.0,9,unknown,,,,,1.0,19
10148,yes,0.0625,0.0,0.0,0.0,0.9375,16,yes,0.017543859649122806,0.0,0.0,0.0,0.9824561403508771,57,yes,0.012048192771084338,0.0,0.0,0.0,0.9879518072289156,83
10149,unknown,,,,,1.0,11,unknown,,,,,1.0,47,unknown,,,,,1.0,75
10150,yes,0.05,0.0,0.0,0.0,0.95,20,yes,0.16853932584269662,0.0,0.0,0.0,0.8314606741573034,89,yes,0.10204081632653061,0.0,0.0,0.0,0.8979591836734694,147
10151,yes,0.3333333333333333,0.0,0.0,0.0,0.6666666666666666,33,yes,0.42592592592592593,0.0,0.0,0.0,0.5740740740740741,108,yes,0.4523809523809524,0.050595238095238096,0.0,0.0,0.49702380952380953,336
10152,yes,0.8292682926829268,0.0,0.0,0.0,0.17073170731707318,41,yes,0.8065476190476191,0.0,0.0,0.0,0.19345238095238096,336,yes,0.7048543689320388,0.000970873786407767,0.0,0.0,0.2941747572815534,1030
10153,unknown,,,,,1.0,8,unknown,,,,,1.0,39,unknown,,,,,1.0,75
10154,yes,0.8409090909090909,0.0,0.0,0.0,0.1590909090909091,44,yes,0.7605321507760532,0.004434589800443459,0.0,0.0,0.23503325942350334,451,yes,0.6622516556291391,0.009933774834437087,0.0,0.0,0.32781456953642385,1208
10155,yes,0.023255813953488372,0.0,0.0,0.0,0.9767441860465116,43,yes,0.012232415902140673,0.0,0.0,0.0,0.9877675840978594,327,yes,0.05235042735042735,0.0010683760683760685,0.0,0.0,0.9465811965811965,936
10157,yes,0.3617021276595745,0.0,0.0,0.0,0.6382978723404256,47,yes,0.30823529411764705,0.0,0.0,0.0,0.6752941176470588,425,yes,0.3142050799623706,0.0,0.0,0.0,0.6754468485418627,1063
10158,unknown,,,,,1.0,66,unknown,,,,,1.0,168,unknown,,,,,1.0,274
10159,yes,0.06666666666666667,0.0,0.0,0.0,0.9333333333333333,15,yes,0.11842105263157894,0.0,0.0,0.0,0.881578947368421,76,yes,0.07352941176470588,0.0,0.0,0.0,0.9264705882352942,136
10160,yes,0.7764705882352941,0.0,0.0,0.0,0.2,85,yes,0.7393225331369662,0.0029455081001472753,0.0,0.0,0.23122238586156113,679,yes,0.6427423674343867,0.00856989823245849,0.0,0.0,0.339046598821639,1867
10162,yes,0.5,0.0,0.0,0.0,0.5,48,yes,0.3691275167785235,0.0,0.0,0.0,0.6308724832214765,596,yes,0.4105827193569993,0.0,0.0,0.0,0.5853985264567984,1493
10169,yes,0.8472222222222222,0.013888888888888888,0.0,0.0,0.1388888888888889,72,yes,0.8068592057761733,0.007220216606498195,0.0,0.0,0.18592057761732853,554,yes,0.7333333333333333,0.015770609318996417,0.0,0.0,0.25089605734767023,1395
10170,yes,0.30844155844155846,0.006493506493506494,0.0,0.0,0.685064935064935,308,yes,0.5086599817684594,0.0018231540565177757,0.0,0.0,0.48951686417502277,1097,yes,0.5412844036697247,0.001834862385321101,0.0,0.0,0.4518348623853211,2180
10171,yes,0.8472222222222222,0.013888888888888888,0.0,0.0,0.1388888888888889,72,yes,0.8068592057761733,0.007220216606498195,0.0,0.0,0.18592057761732853,554,yes,0.7333333333333333,0.015770609318996417,0.0,0.0,0.25089605734767023,1395
10173,unknown,,,,,1.0,6,yes,0.0625,0.0,0.0,0.0,0.9375,64,yes,0.03125,0.0,0.0,0.0,0.96875,128
10174,unknown,,,,,1.0,7,unknown,,,,,1.0,32,unknown,,,,,1.0,79
10175,yes,0.06666666666666667,0.0,0.0,0.0,0.9333333333333333,15,yes,0.11842105263157894,0.0,0.0,0.0,0.881578947368421,76,yes,0.07352941176470588,0.0,0.0,0.0,0.9264705882352942,136
10176,yes,0.01818181818181818,0.0,0.0,0.0,0.9818181818181818,55,yes,0.06563706563706563,0.0,0.0,0.0,0.9343629343629344,259,yes,0.055232558139534885,0.00872093023255814,0.0,0.0,0.936046511627907,688
10179,unknown,,,,,1.0,34,unknown,,,,,1.0,110,yes,0.004219409282700422,0.0,0.0,0.0,0.9957805907172996,237
10180,unknown,,,,,1.0,16,unknown,,,,,1.0,43,unknown,,,,,1.0,119
10182,yes,0.6022727272727273,0.0,0.0,0.0,0.3977272727272727,88,yes,0.443010752688172,0.002150537634408602,0.0,0.0,0.5548387096774193,465,yes,0.556499575191164,0.0016992353440951572,0.0,0.0,0.44180118946474084,1177
10185,unknown,,,,,1.0,8,unknown,,,,,1.0,10,unknown,,,,,1.0,10
10186,yes,0.4594594594594595,0.0,0.0,0.0,0.5405405405405406,111,yes,0.5712603062426383,0.03297997644287397,0.0,0.0,0.3957597173144876,849,yes,0.5138183869148336,0.025944726452340666,0.0,0.0,0.4602368866328257,1773
10187,unknown,,,,,1.0,14,unknown,,,,,1.0,93,unknown,,,,,1.0,218
10189,yes,0.022222222222222223,0.0,0.0,0.0,0.9777777777777777,45,yes,0.03985507246376811,0.0036231884057971015,0.0,0.0,0.9565217391304348,276,yes,0.04208754208754209,0.0016835016835016834,0.0,0.0,0.9562289562289562,594
10192,yes,0.5142857142857142,0.0,0.0,0.0,0.4857142857142857,35,yes,0.3747072599531616,0.0,0.0,0.0,0.6252927400468384,427,yes,0.3486700215672178,0.002875629043853343,0.0,0.0,0.6484543493889289,1391
10193,yes,0.08333333333333333,0.0,0.0,0.0,0.9166666666666666,12,yes,0.030303030303030304,0.0,0.0,0.0,0.9696969696969697,33,yes,0.1388888888888889,0.0,0.0,0.0,0.8611111111111112,72
10194,unknown,,,,,1.0,47,unknown,,,,,1.0,88,unknown,,,,,1.0,96
10195,yes,0.2597402597402597,0.0,0.0,0.0,0.7402597402597403,77,yes,0.22990353697749197,0.001607717041800643,0.0,0.0,0.7684887459807074,622,yes,0.20066889632107024,0.002229654403567447,0.0,0.0,0.7971014492753623,1794
10196,yes,0.5104166666666666,0.0,0.0,0.0,0.4895833333333333,96,yes,0.5272331154684096,0.0,0.0,0.0,0.47276688453159044,918,yes,0.46916400182731843,0.001827318410232983,0.0,0.0,0.5290086797624486,2189
10200,unknown,,,,,1.0,19,unknown,,,,,1.0,74,unknown,,,,,1.0,95
10201,unknown,,,,,1.0,34,unknown,,,,,1.0,110,yes,0.004219409282700422,0.0,0.0,0.0,0.9957805907172996,237
10203,unknown,,,,,1.0,7,unknown,,,,,1.0,18,unknown,,,,,1.0,27
10204,yes,0.4166666666666667,0.0,0.0,0.0,0.5833333333333334,60,yes,0.1566265060240964,0.0015060240963855422,0.0,0.0,0.8418674698795181,664,yes,0.21691176470588236,0.0030637254901960784,0.0,0.0,0.7800245098039216,1632
10205,unknown,,,,,1.0,9,unknown,,,,,1.0,49,no,0.0,0.046511627906976744,0.0,0.0,0.9534883720930233,129
10206,unknown,,,,,1.0,9,yes,0.027777777777777776,0.0,0.0,0.0,0.9722222222222222,36,yes,0.08433734939759036,0.0,0.0,0.0,0.9156626506024096,83
10208,unknown,,,,,1.0,12,unknown,,,,,1.0,89,unknown,,,,,1.0,138
10212,yes,0.8260869565217391,0.0,0.0,0.0,0.17391304347826086,115,yes,0.749185667752443,0.014657980456026058,0.0,0.0,0.23615635179153094,614,yes,0.7377521613832853,0.012968299711815562,0.0,0.0,0.24927953890489912,1388
10213,yes,0.775,0.0,0.0,0.0,0.225,40,yes,0.660377358490566,0.005390835579514825,0.0,0.0,0.33423180592991913,371,yes,0.5559471365638766,0.0026431718061674008,0.0,0.0,0.44140969162995597,1135
10214,yes,0.3125,0.020833333333333332,0.0,0.0,0.6666666666666666,48,yes,0.33643122676579923,0.10408921933085502,0.0,0.0,0.5594795539033457,538,yes,0.2524127691165553,0.08314773570898293,0.0,0.0,0.6644394951744618,1347
10221,24/7,0.0,0.0,0.0,0.0,0.8333333333333334,12,24/7,0.0,0.025,0.0,0.0,0.95,80,no,0.011695906432748537,0.04093567251461988,0.0,0.0,0.935672514619883,171
10222,yes,0.2,0.0,0.0,0.0,0.8,15,yes,0.2159090909090909,0.045454545454545456,0.0,0.0,0.7386363636363636,88,yes,0.20408163265306123,0.04081632653061224,0.0,0.0,0.7551020408163265,196
10224,yes,0.1111111111111111,0.0,0.0,0.0,0.8888888888888888,9,yes,0.0625,0.0,0.0,0.0,0.9375,16,yes,0.05,0.0,0.0,0.0,0.95,20
10225,yes,0.15217391304347827,0.0,0.0,0.0,0.8478260869565217,46,yes,0.10743801652892562,0.005509641873278237,0.0,0.0,0.8870523415977961,363,yes,0.13743455497382198,0.014397905759162303,0.0,0.0,0.8481675392670157,764
10227,unknown,,,,,1.0,11,unknown,,,,,1.0,82,unknown,,,,,1.0,224
10230,unknown,,,,,1.0,10,unknown,,,,,1.0,18,unknown,,,,,1.0,25
10236,unknown,,,,,1.0,5,unknown,,,,,1.0,25,unknown,,,,,1.0,41
10238,yes,0.8793103448275862,0.0,0.0,0.0,0.1206896551724138,58,yes,0.8076923076923077,0.0,0.0,0.0,0.19230769230769232,494,yes,0.6856649395509499,0.010362694300518135,0.0,0.0,0.30397236614853196,1158
10239,unknown,,,,,1.0,21,unknown,,,,,1.0,39,unknown,,,,,1.0,47
10240,unknown,,,,,1.0,11,yes,0.09433962264150944,0.0,0.0,0.0,0.9056603773584906,53,yes,0.0641025641025641,0.01282051282051282,0.0,0.0,0.9230769230769231,78
10243,yes,0.11475409836065574,0.05737704918032787,0.0,0.0,0.8278688524590164,122,yes,0.20711297071129708,0.05230125523012552,0.0,0.0,0.7405857740585774,478,yes,0.1794871794871795,0.03944773175542406,0.0,0.0,0.7810650887573964,1014
10245,unknown,,,,,1.0,52,yes,0.008771929824561403,0.0,0.0,0.0,0.9912280701754386,228,yes,0.006993006993006993,0.0,0.0,0.0,0.993006993006993,286
10247,unknown,,,,,1.0,9,unknown,,,,,1.0,40,unknown,,,,,1.0,111
10249,unknown,,,,,1.0,9,unknown,,,,,1.0,49,unknown,,,,,1.0,109
10251,yes,0.4175824175824176,0.0,0.0,0.0,0.5824175824175825,91,yes,0.4065040650406504,0.03414634146341464,0.0,0.0,0.5593495934959349,615,yes,0.4508990318118949,0.025587828492392807,0.0,0.0,0.5235131396957123,1446
10253,unknown,,,,,1.0,51,unknown,,,,,1.0,61,unknown,,,,,1.0,79
10254,yes,0.3103448275862069,0.0,0.0,0.0,0.6896551724137931,29,yes,0.21739130434782608,0.021739130434782608,0.0,0.0,0.7608695652173914,92,yes,0.1350210970464135,0.008438818565400843,0.0,0.0,0.8565400843881856,237
10255,yes,0.7428571428571429,0.0,0.0,0.0,0.2571428571428571,35,yes,0.5438066465256798,0.0,0.0,0.0,0.4561933534743202,331,yes,0.5,0.0,0.0,0.0,0.5,1010
10256,unknown,,,,,1.0,10,yes,0.03125,0.0,0.0,0.0,0.96875,64,yes,0.041379310344827586,0.0,0.0,0.0,0.9586206896551724,145
10259,yes,0.6428571428571429,0.0,0.0,0.0,0.35714285714285715,14,yes,0.30701754385964913,0.008771929824561403,0.0,0.0,0.6842105263157895,114,yes,0.23550724637681159,0.007246376811594203,0.0,0.0,0.7572463768115942,276
10263,unknown,,,,,1.0,2,unknown,,,,,1.0,9,unknown,,,,,1.0,21
10264,yes,0.6060606060606061,0.0,0.0,0.0,0.3939393939393939,33,yes,0.7792494481236203,0.0,0.0,0.0,0.22075055187637968,453,yes,0.6236811254396248,0.0011723329425556857,0.0,0.0,0.37514654161781946,1706
10265,yes,0.45714285714285713,0.0,0.0,0.0,0.5428571428571428,70,yes,0.44684684684684683,0.0,0.0,0.0,0.5531531531531532,555,yes,0.4152542372881356,0.009180790960451978,0.0,0.0,0.5755649717514124,1416
10269,yes,0.21739130434782608,0.0,0.0,0.0,0.782608695652174,23,yes,0.19858156028368795,0.0,0.0,0.0,0.8014184397163121,282,yes,0.14464534075104313,0.0013908205841446453,0.0,0.0,0.8539638386648123,719
10271,yes,0.5967741935483871,0.0,0.0,0.0,0.4032258064516129,62,yes,0.42160278745644597,0.0,0.0,0.0,0.578397212543554,287,yes,0.37789904502046384,0.005457025920873124,0.0,0.0,0.616643929058663,733
10272,yes,0.95,0.0,0.0,0.0,0.05,20,yes,0.6836027713625866,0.013856812933025405,0.0,0.0,0.3002309468822171,433,yes,0.5638389031705227,0.00856898029134533,0.0,0.0,0.4267352185089974,1167
10277,no,0.0,0.1111111111111111,0.0,0.0,0.8888888888888888,27,no,0.0,0.06557377049180328,0.0,0.0,0.9344262295081968,61,no,0.0,0.047619047619047616,0.0,0.0,0.9523809523809523,105
10278,unknown,,,,,1.0,6,unknown,,,,,1.0,19,unknown,,,,,1.0,33
10281,yes,0.8666666666666667,0.0,0.0,0.0,0.13333333333333333,30,yes,0.8962962962962963,0.0,0.0,0.0,0.1037037037037037,135,yes,0.8540540540540541,0.005405405405405406,0.0,0.0,0.14054054054054055,370
10282,unknown,,,,,1.0,8,unknown,,,,,1.0,36,unknown,,,,,1.0,77
10285,yes,0.6206896551724138,0.0,0.0,0.0,0.3793103448275862,87,yes,0.4546979865771812,0.006711409395973154,0.0,0.0,0.5385906040268457,596,yes,0.439117199391172,0.0076103500761035,0.0,0.0,0.5532724505327246,1314
10288,yes,0.5074626865671642,0.0,0.0,0.0,0.4925373134328358,67,yes,0.453804347826087,0.002717391304347826,0.0,0.0,0.5434782608695652,736,yes,0.462671406805485,0.002031488065007618,0.0,0.0,0.5352971051295073,1969
10292,yes,0.3548387096774194,0.0,0.0,0.0,0.6451612903225806,93,yes,0.2075187969924812,0.004511278195488722,0.0,0.0,0.7879699248120301,665,yes,0.2214723926380368,0.00245398773006135,0.0,0.0,0.7760736196319018,1630
10293,yes,0.7894736842105263,0.0,0.0,0.0,0.21052631578947367,19,yes,0.5710900473933649,0.0,0.0,0.0,0.42890995260663506,422,yes,0.6260472201066261,0.0015232292460015233,0.0,0.0,0.37242955064737243,1313
10296,yes,0.775,0.0,0.0,0.0,0.225,40,yes,0.660377358490566,0.005390835579514825,0.0,0.0,0.33423180592991913,371,yes,0.5559471365638766,0.0026431718061674008,0.0,0.0,0.44140969162995597,1135
10299,yes,0.7674418604651163,0.0,0.0,0.0,0.20930232558139536,43,yes,0.747016706443914,0.002386634844868735,0.0,0.0,0.24821002386634844,419,yes,0.7872,0.0032,0.0,0.0,0.2088,1250
10300,unknown,,,,,1.0,7,unknown,,,,,1.0,15,yes,0.06451612903225806,0.0,0.0,0.0,0.9354838709677419,31
10303,yes,0.2,0.12,0.0,0.0,0.68,25,yes,0.12844036697247707,0.05504587155963303,0.0,0.0,0.8165137614678899,109,yes,0.13471502590673576,0.03626943005181347,0.0,0.0,0.8290155440414507,193
10304,yes,0.043478260869565216,0.0,0.0,0.0,0.9565217391304348,23,yes,0.07650273224043716,0.0,0.0,0.0,0.9234972677595629,183,yes,0.0603448275862069,0.0,0.0,0.0,0.9396551724137931,348
10305,unknown,,,,,1.0,7,unknown,,,,,1.0,22,no,0.0,0.022727272727272728,0.0,0.0,0.9772727272727273,44
10307,yes,0.3584905660377358,0.0,0.0,0.0,0.6415094339622641,53,yes,0.2847457627118644,0.010169491525423728,0.0,0.0,0.7050847457627119,295,yes,0.23067331670822944,0.00997506234413965,0.0,0.0,0.7593516209476309,802
10309,yes,0.4807692307692308,0.0,0.0,0.0,0.5192307692307693,52,yes,0.6918918918918919,0.0,0.0,0.0,0.3081081081081081,370,yes,0.6090794451450189,0.0025220680958385876,0.0,0.0,0.3871374527112232,793
10310,yes,0.825,0.0,0.0,0.0,0.175,80,yes,0.7557251908396947,0.0057251908396946565,0.0,0.0,0.2385496183206107,524,yes,0.6732588134135855,0.009458297506448839,0.0,0.0,0.3172828890799656,1163
10311,yes,0.3877551020408163,0.0,0.0,0.0,0.6122448979591837,49,yes,0.3080684596577017,0.0,0.0,0.0,0.6919315403422983,409,yes,0.33955223880597013,0.005597014925373134,0.0,0.0,0.6548507462686567,1072
10315,unknown,,,,,1.0,5,unknown,,,,,1.0,37,no,0.0,0.03225806451612903,0.0,0.0,0.967741935483871,62
10316,yes,0.1,0.0,0.0,0.0,0.9,10,yes,0.0410958904109589,0.0,0.0,0.0,0.958904109589041,73,yes,0.10648148148148148,0.0,0.0,0.0,0.8935185185185185,216
10322,unknown,,,,,1.0,35,unknown,,,,,1.0,66,unknown,,,,,1.0,83
10323,yes,0.6666666666666666,0.08333333333333333,0.0,0.0,0.25,12,yes,0.06666666666666667,0.003703703703703704,0.0,0.0,0.9296296296296296,270,yes,0.052132701421800945,0.001579778830963665,0.0,0.0,0.9462875197472354,633
10326,unknown,,,,,1.0,17,unknown,,,,,1.0,32,unknown,,,,,1.0,56
10327,yes,0.36666666666666664,0.0,0.0,0.0,0.6333333333333333,30,yes,0.24342105263157895,0.013157894736842105,0.0,0.0,0.743421052631579,152,yes,0.17592592592592593,0.006172839506172839,0.0,0.0,0.8179012345679012,324
10328,unknown,,,,,1.0,6,unknown,,,,,1.0,27,unknown,,,,,1.0,47
10330,yes,0.025,0.0,0.0,0.0,0.975,40,yes,0.029304029304029304,0.0,0.0,0.0,0.9706959706959707,273,yes,0.03650586701434159,0.0,0.0,0.0,0.9634941329856584,767
10331,yes,0.7428571428571429,0.014285714285714285,0.0,0.0,0.24285714285714285,70,yes,0.5408450704225352,0.005633802816901409,0.0,0.0,0.4535211267605634,355,yes,0.5405046480743692,0.005312084993359893,0.0,0.0,0.4541832669322709,753
10332,unknown,,,,,1.0,34,unknown,,,,,1.0,110,yes,0.004219409282700422,0.0,0.0,0.0,0.9957805907172996,237
10334,unknown,,,,,1.0,9,unknown,,,,,1.0,40,unknown,,,,,1.0,111
10335,unknown,,,,,1.0,21,unknown,,,,,1.0,73,unknown,,,,,1.0,118
10340,yes,0.9047619047619048,0.023809523809523808,0.0,0.0,0.07142857142857142,84,yes,0.8659003831417624,0.013409961685823755,0.0,0.0,0.1206896551724138,522,yes,0.7881889763779527,0.047244094488188976,0.0,0.0,0.16456692913385826,1270
10345,yes,0.23076923076923078,0.0,0.0,0.0,0.7692307692307693,26,yes,0.41605839416058393,0.0072992700729927005,0.0,0.0,0.5766423357664233,274,yes,0.45041322314049587,0.004132231404958678,0.0,0.0,0.5454545454545454,726
10346,yes,0.01818181818181818,0.0,0.0,0.0,0.9818181818181818,55,yes,0.06563706563706563,0.0,0.0,0.0,0.9343629343629344,259,yes,0.055232558139534885,0.00872093023255814,0.0,0.0,0.936046511627907,688
10347,unknown,,,,,1.0,66,unknown,,,,,1.0,168,unknown,,,,,1.0,274
10349,yes,0.9166666666666666,0.0,0.0,0.0,0.08333333333333333,12,yes,0.5203252032520326,0.0,0.0,0.0,0.4796747967479675,246,yes,0.5031847133757962,0.0,0.0,0.0,0.4968152866242038,471
10350,unknown,,,,,1.0,7,unknown,,,,,1.0,26,unknown,,,,,1.0,83
10351,yes,0.6984126984126984,0.0,0.0,0.0,0.30158730158730157,63,yes,0.617169373549884,0.0,0.0,0.0,0.382830626450116,431,yes,0.6241379310344828,0.0034482758620689655,0.0,0.0,0.3724137931034483,1160
10352,yes,0.21951219512195122,0.0,0.0,0.0,0.7804878048780488,41,yes,0.2199074074074074,0.0,0.0,0.0,0.7800925925925926,432,yes,0.21395348837209302,0.0018604651162790699,0.0,0.0,0.7841860465116279,1075
10354,unknown,,,,,1.0,29,unknown,,,,,1.0,75,unknown,,,,,1.0,114
10355,yes,0.047619047619047616,0.0,0.0,0.0,0.9523809523809523,21,yes,0.039735099337748346,0.0,0.0,0.0,0.9602649006622517,151,yes,0.01876675603217158,0.0,0.0,0.0,0.9812332439678284,373
10356,yes,0.75,0.03571428571428571,0.0,0.0,0.21428571428571427,56,yes,0.8102766798418972,0.009881422924901186,0.0,0.0,0.17984189723320157,506,yes,0.7643260694108152,0.03066989507667474,0.0,0.0,0.2050040355125101,1239
10357,unknown,,,,,1.0,43,unknown,,,,,1.0,111,unknown,,,,,1.0,120
10362,unknown,,,,,1.0,9,unknown,,,,,1.0,37,unknown,,,,,1.0,62
10364,unknown,,,,,1.0,39,unknown,,,,,1.0,143,unknown,,,,,1.0,217
10365,unknown,,,,,1.0,27,yes,0.006535947712418301,0.0,0.0,0.0,0.9934640522875817,153,yes,0.006600660066006601,0.0,0.0,0.0,0.9933993399339934,303
10366,yes,0.8157894736842105,0.0,0.0,0.0,0.18421052631578946,114,yes,0.7805429864253394,0.0022624434389140274,0.0,0.0,0.2171945701357466,442,yes,0.7621483375959079,0.0025575447570332483,0.0,0.0,0.23529411764705882,782
10367,unknown,,,,,1.0,11,unknown,,,,,1.0,82,unknown,,,,,1.0,170
10369,yes,0.4594594594594595,0.0,0.0,0.0,0.5405405405405406,111,yes,0.5712603062426383,0.03297997644287397,0.0,0.0,0.3957597173144876,849,yes,0.5138183869148336,0.025944726452340666,0.0,0.0,0.4602368866328257,1773
10371,unknown,,,,,1.0,5,unknown,,,,,1.0,26,unknown,,,,,1.0,46
10373,yes,0.5686274509803921,0.0,0.0,0.0,0.43137254901960786,51,yes,0.40555555555555556,0.002777777777777778,0.0,0.0,0.5916666666666667,360,yes,0.4873417721518987,0.005274261603375527,0.0,0.0,0.5052742616033755,948
10374,unknown,,,,,1.0,17,unknown,,,,,1.0,83,unknown,,,,,1.0,134
10379,yes,0.3442622950819672,0.0,0.0,0.0,0.6557377049180327,61,yes,0.13806706114398423,0.0,0.0,0.0,0.8619329388560157,507,yes,0.11678115799803729,0.0,0.0,0.0,0.8832188420019627,1019
10381,yes,0.3333333333333333,0.0,0.0,0.0,0.6666666666666666,33,yes,0.42592592592592593,0.0,0.0,0.0,0.5740740740740741,108,yes,0.4523809523809524,0.050595238095238096,0.0,0.0,0.49702380952380953,336
10383,yes,0.35294117647058826,0.0,0.0,0.0,0.6470588235294118,17,yes,0.14285714285714285,0.05194805194805195,0.0,0.0,0.8051948051948052,77,yes,0.17142857142857143,0.02857142857142857,0.0,0.0,0.8,175
10387,yes,0.125,0.0,0.0,0.0,0.875,8,yes,0.05194805194805195,0.0,0.0,0.0,0.948051948051948,77,yes,0.06153846153846154,0.0,0.0,0.0,0.9384615384615385,390
10390,yes,0.7272727272727273,0.0,0.0,0.0,0.2727272727272727,66,yes,0.5507900677200903,0.0,0.0,0.0,0.4492099322799097,443,yes,0.5189975747776879,0.004042037186742118,0.0,0.0,0.47696038803556995,1237
10392,yes,0.27906976744186046,0.0,0.0,0.0,0.7209302325581395,86,yes,0.34202453987730064,0.03067484662576687,0.0,0.0,0.6273006134969326,652,yes,0.3456930975470622,0.03308613804905876,0.0,0.0,0.6212207644038791,1753
10394,yes,0.9,0.0,0.0,0.0,0.1,10,yes,0.44,0.04,0.0,0.0,0.52,25,yes,0.3793103448275862,0.034482758620689655,0.0,0.0,0.5862068965517241,29
10395,yes,0.24778761061946902,0.0,0.0,0.0,0.7522123893805309,113,yes,0.24404761904761904,0.003968253968253968,0.0,0.0,0.751984126984127,504,yes,0.21144024514811033,0.0020429009193054137,0.0,0.0,0.7865168539325843,979
10397,unknown,,,,,1.0,21,unknown,,,,,1.0,61,unknown,,,,,1.0,109
10398,yes,0.796875,0.0,0.0,0.0,0.203125,64,yes,0.6777777777777778,0.008333333333333333,0.0,0.0,0.3138888888888889,360,yes,0.4637546468401487,0.013940520446096654,0.0,0.0,0.4646840148698885,1076
10400,yes,0.14285714285714285,0.0,0.0,0.0,0.8571428571428571,14,yes,0.04040404040404041,0.0,0.0,0.0,0.9595959595959596,99,yes,0.03180212014134275,0.01060070671378092,0.0,0.0,0.9575971731448764,283
10403,yes,0.27906976744186046,0.0,0.0,0.0,0.7209302325581395,86,yes,0.34202453987730064,0.03067484662576687,0.0,0.0,0.6273006134969326,652,yes,0.3456930975470622,0.03308613804905876,0.0,0.0,0.6212207644038791,1753
10404,unknown,,,,,1.0,6,unknown,,,,,1.0,85,yes,0.07425742574257425,0.039603960396039604,0.0,0.0,0.8762376237623762,202
10406,unknown,,,,,1.0,26,yes,0.027777777777777776,0.0,0.0,0.0,0.9722222222222222,108,yes,0.04093567251461988,0.0,0.0,0.0,0.9590643274853801,171
10408,yes,0.6470588235294118,0.0,0.0,0.0,0.35294117647058826,17,yes,0.39805825242718446,0.0,0.0,0.0,0.6019417475728155,103,yes,0.22,0.0,0.0,0.0,0.78,300
10411,unknown,,,,,1.0,23,unknown,,,,,1.0,52,unknown,,,,,1.0,58
10413,yes,0.6666666666666666,0.0,0.0,0.0,0.3333333333333333,48,yes,0.6628131021194605,0.0038535645472061657,0.0,0.0,0.3333333333333333,519,yes,0.6909620991253644,0.013119533527696793,0.0,0.0,0.29591836734693877,1372
10415,yes,0.5,0.0,0.0,0.0,0.5,22,yes,0.19801980198019803,0.019801980198019802,0.0,0.0,0.7821782178217822,101,yes,0.135,0.01,0.0,0.0,0.855,200
10417,yes,0.1,0.0,0.0,0.0,0.9,10,yes,0.18461538461538463,0.0,0.0,0.0,0.8153846153846154,65,yes,0.1,0.0,0.0,0.0,0.8954545454545455,220
10418,unknown,,,,,1.0,3,unknown,,,,,1.0,16,unknown,,,,,1.0,48
10419,yes,0.5967741935483871,0.0,0.0,0.0,0.4032258064516129,62,yes,0.42160278745644597,0.0,0.0,0.0,0.578397212543554,287,yes,0.37789904502046384,0.005457025920873124,0.0,0.0,0.616643929058663,733
10421,unknown,,,,,1.0,9,unknown,,,,,1.0,40,unknown,,,,,1.0,111
10422,unknown,,,,,1.0,24,unknown,,,,,1.0,82,unknown,,,,,1.0,172
10426,yes,0.8428571428571429,0.0,0.0,0.0,0.15714285714285714,70,yes,0.863013698630137,0.0,0.0,0.0,0.136986301369863,365,yes,0.7872062663185379,0.005221932114882507,0.0,0.0,0.20757180156657964,766
10429,unknown,,,,,1.0,18,yes,0.0784313725490196,0.0,0.0,0.0,0.9215686274509803,51,yes,0.07272727272727272,0.0,0.0,0.0,0.9272727272727272,110
10430,yes,0.21428571428571427,0.0,0.0,0.0,0.7857142857142857,14,yes,0.4142857142857143,0.014285714285714285,0.0,0.0,0.5714285714285714,70,yes,0.29457364341085274,0.015503875968992248,0.0,0.0,0.689922480620155,129
10431,yes,0.6666666666666666,0.08333333333333333,0.0,0.0,0.25,12,yes,0.06666666666666667,0.003703703703703704,0.0,0.0,0.9296296296296296,270,yes,0.052132701421800945,0.001579778830963665,0.0,0.0,0.9462875197472354,633
10433,yes,0.0967741935483871,0.0,0.0,0.0,0.9032258064516129,31,yes,0.01910828025477707,0.0,0.0,0.0,0.9808917197452229,157,yes,0.013201320132013201,0.0,0.0,0.0,0.9867986798679867,303
10434,yes,0.6984126984126984,0.0,0.0,0.0,0.30158730158730157,63,yes,0.617169373549884,0.0,0.0,0.0,0.382830626450116,431,yes,0.6241379310344828,0.0034482758620689655,0.0,0.0,0.3724137931034483,1160
10435,unknown,,,,,1.0,1,unknown,,,,,1.0,22,unknown,,,,,1.0,46
10441,unknown,,,,,1.0,9,unknown,,,,,1.0,24,unknown,,,,,1.0,30
10443,yes,0.5686274509803921,0.0,0.0,0.0,0.43137254901960786,51,yes,0.40555555555555556,0.002777777777777778,0.0,0.0,0.5916666666666667,360,yes,0.4873417721518987,0.005274261603375527,0.0,0.0,0.5052742616033755,948
10446,yes,0.8709677419354839,0.0,0.0,0.0,0.12903225806451613,62,yes,0.8224489795918367,0.0020408163265306124,0.0,0.0,0.17551020408163265,490,yes,0.7715617715617715,0.004662004662004662,0.0,0.0,0.22377622377622378,1287
10448,unknown,,,,,1.0,19,unknown,,,,,1.0,67,unknown,,,,,1.0,89
10449,yes,0.25,0.0,0.0,0.0,0.75,4,yes,0.125,0.125,0.0,0.0,0.75,8,yes,0.09090909090909091,0.045454545454545456,0.0,0.0,0.8636363636363636,22
10450,yes,0.27380952380952384,0.0,0.0,0.0,0.7261904761904762,84,yes,0.18078175895765472,0.004885993485342019,0.0,0.0,0.8143322475570033,614,yes,0.1943270971635486,0.0024140012070006035,0.0,0.0,0.8032589016294508,1657
10453,unknown,,,,,1.0,13,unknown,,,,,1.0,51,unknown,,,,,1.0,92
10456,yes,0.15,0.0,0.0,0.0,0.85,20,yes,0.07392996108949416,0.0,0.0,0.0,0.9260700389105059,257,yes,0.0429553264604811,0.0,0.0,0.0,0.9570446735395189,582
10457,yes,0.4,0.0,0.0,0.0,0.6,15,yes,0.5057471264367817,0.01532567049808429,0.0,0.0,0.4789272030651341,261,yes,0.4899817850637523,0.01092896174863388,0.0,0.0,0.4936247723132969,549
10462,yes,0.058823529411764705,0.0,0.0,0.0,0.9411764705882353,68,yes,0.12091503267973856,0.0032679738562091504,0.0,0.0,0.8758169934640523,306,yes,0.14860681114551083,0.0015479876160990713,0.0,0.0,0.8498452012383901,646
10463,yes,0.01282051282051282,0.0,0.0,0.0,0.9871794871794872,78,yes,0.005917159763313609,0.0,0.0,0.0,0.9940828402366864,169,yes,0.0045662100456621,0.0,0.0,0.0,0.9954337899543378,438
10465,yes,0.05,0.0,0.0,0.0,0.95,20,yes,0.01282051282051282,0.0,0.0,0.0,0.9871794871794872,156,yes,0.018970189701897018,0.0,0.0,0.0,0.981029810298103,369
10469,yes,0.4166666666666667,0.0,0.0,0.0,0.5833333333333334,60,yes,0.1566265060240964,0.0015060240963855422,0.0,0.0,0.8418674698795181,664,yes,0.21691176470588236,0.0030637254901960784,0.0,0.0,0.7800245098039216,1632
10470,yes,0.6902173913043478,0.0,0.0,0.0,0.30978260869565216,184,yes,0.4681059862610402,0.0,0.0,0.0,0.5318940137389597,1019,yes,0.46157472890146156,0.0033003300330033004,0.0,0.0,0.5351249410655351,2121
10472,unknown,,,,,1.0,33,unknown,,,,,1.0,45,yes,0.009523809523809525,0.0,0.0,0.0,0.9904761904761905,105
10475,unknown,,,,,1.0,9,yes,0.027777777777777776,0.0,0.0,0.0,0.9722222222222222,36,yes,0.08433734939759036,0.0,0.0,0.0,0.9156626506024096,83
10476,unknown,,,,,1.0,44,unknown,,,,,1.0,64,unknown,,,,,1.0,70
