codice_cliente,Sistema_Allarme,Prodotto,Sinistro,area_open,built,vegetation_high,vegetation_low,water,unknown,node_density_per_km2_r500,avg_degree_r500,avg_edge_length_m_r500,n_connected_components_r500,largest_component_ratio_r500,dist_primary_m_r500,dist_secondary_m_r500,dist_tertiary_m_r500,dist_residential_m_r500,dist_service_m_r500,dist_living_street_m_r500,has_police_r500,has_carabinieri_r500,has_fire_station_r500,has_place_of_worship_r500,has_school_university_r500,has_hospital_clinic_r500,has_pharmacy_r500,has_bank_atm_r500,has_bar_pub_r500,has_nightlife_r500,has_restaurant_r500,has_parking_r500,has_station_r500,has_commercial_r500,residential_ratio,primary_ratio,secondary_ratio,tertiary_ratio,living_ratio,service_ratio
9500,True,Assicurazione Casa e Famiglia: Casa Serena,Non Furto,13.61%,58.91%,0.00%,0.00%,0.00%,27.48%,294.1183348338226,2.865800865800866,66.73521672423742,1.0,1.0,155.24077769723326,45.60186598352416,359.7952016783754,14.095117478687811,75.84664152410207,182.3408391739216,1.0,0.0,0.0,1.0,1.0,1.0,1.0,1.0,1.0,0.0,1.0,1.0,1.0,1.0,0.7028690707136538,0.0,0.40220273853939786,0.01558481682113959,0.008804678526680789,0.5778721496440378
9509,True,Assicurazione Casa e Famiglia: Casa Serena,Non Furto,6.26%,50.80%,4.18%,2.41%,0.00%,36.35%,286.4788975654116,3.12,76.60086918609235,1.0,1.0,155.24077769723326,19.42775374471153,234.37948850670887,42.470454766107935,8.40678266299748,268.65287926237306,1.0,0.0,1.0,1.0,1.0,1.0,1.0,1.0,1.0,1.0,1.0,1.0,1.0,1.0,0.686474360783868,0.0,0.09824665012095717,0.14797318987333402,0.0,0.05943795610760476
9513,False,Polizza Salute e Infortuni: Salute Protetta,Non Furto,2.45%,69.52%,4.86%,2.08%,0.00%,21.10%,304.3042511917039,2.9456066945606696,76.12954389105211,1.0,1.0,158.2821489119914,16.49730389833706,305.69516404092235,116.7334566285617,72.50429182684694,268.65287926237306,1.0,0.0,0.0,1.0,1.0,1.0,1.0,1.0,1.0,1.0,1.0,1.0,0.0,1.0,0.4817304732567483,0.1496895106979629,0.228271231259082,0.020205118574376634,0.0,0.19238069134355024
9515,False,Polizza Salute e Infortuni: Salute Protetta,Non Furto,3.43%,20.89%,61.07%,1.74%,0.00%,12.87%,78.94085177358009,2.5806451612903225,113.44723368440935,1.0,1.0,155.24077769723326,163.2149236896215,0.1230042648788918,1.01695602341346,96.1352558050346,268.65287926237306,1.0,1.0,0.0,1.0,1.0,0.0,0.0,1.0,0.0,0.0,0.0,1.0,0.0,1.0,0.4972547709769905,0.0,0.17222926494253873,0.15997592053694215,0.0,0.027276130669109635
9527,False,Assicurazione Casa e Famiglia: Casa Serena,Furto,10.97%,50.51%,3.49%,5.12%,0.00%,29.91%,160.4281826366305,2.555555555555556,83.65912050968664,1.0,1.0,155.24077769723326,77.0486707736545,103.59578079004608,0.0409981676268795,32.84706153729245,69.53125987597203,1.0,0.0,0.0,1.0,1.0,1.0,1.0,1.0,1.0,0.0,1.0,1.0,1.0,1.0,0.7335161279061376,0.0,0.15012252652168034,0.2680224500847657,0.009324045780814853,0.40748851252710316
9533,False,Polizza Salute e Infortuni: Salute Protetta,Non Furto,8.75%,9.03%,31.93%,31.12%,11.72%,7.45%,7.639437268410976,2.0,410.6504956052856,1.0,1.0,38.10648181670565,117.05949126834336,112.71777117239913,14.563981828275612,29.011584287769203,268.65287926237306,0.0,0.0,0.0,0.0,0.0,0.0,0.0,0.0,1.0,0.0,1.0,0.0,0.0,1.0,0.1516513886110576,1.6154241311499846,0.0,0.0,0.0,0.009097986837829792
9540,True,Assicurazione Casa e Famiglia: Casa Serena,Non Furto,12.78%,50.44%,4.94%,0.00%,1.23%,30.60%,281.38593938647097,3.004524886877828,64.90899878519822,1.0,1.0,81.29726939895913,117.05949126834336,82.65093895697004,19.33948086097877,121.91222385395768,268.65287926237306,1.0,0.0,0.0,1.0,1.0,0.0,1.0,1.0,1.0,0.0,1.0,1.0,0.0,1.0,0.96170444011117,0.14408742092421498,0.0,0.07077138906695737,0.0,0.048540123306774895
9543,False,Polizza Salute e Infortuni: Salute Protetta,Non Furto,23.10%,61.32%,0.00%,0.00%,0.00%,15.58%,283.9324184759413,2.645739910313901,78.87071447112645,1.0,1.0,155.24077769723326,489.2761457384617,112.71777117239913,13.733862072365886,91.01403806334504,268.65287926237306,1.0,0.0,0.0,1.0,1.0,1.0,1.0,1.0,1.0,0.0,1.0,1.0,1.0,1.0,0.8200471043124252,0.0,0.05129690851295157,0.0,0.0,0.11065914626073435
9547,False,Assicurazione Casa e Famiglia: Casa Serena,Furto,6.34%,48.41%,5.01%,3.47%,1.01%,35.75%,179.52677580765794,2.695035460992908,98.00660427677516,1.0,1.0,323.7742810188546,117.05949126834336,5.608133761318422,13.289099969353042,34.99135127655283,268.65287926237306,0.0,0.0,0.0,1.0,1.0,0.0,1.0,1.0,1.0,0.0,1.0,1.0,1.0,1.0,0.5917044991176811,0.19393157132007371,0.0,0.4660458681981834,0.0,0.06930697813703357
9551,False,Assicurazione Casa e Famiglia: Casa Serena,Furto,9.00%,28.84%,3.16%,27.46%,0.00%,31.54%,82.76057040778558,2.4,94.1369505953344,1.0,1.0,155.24077769723326,117.05949126834336,15.499054432548888,5.889006087581752,159.21380429534554,268.65287926237306,0.0,0.0,0.0,1.0,0.0,0.0,0.0,0.0,0.0,0.0,0.0,0.0,0.0,1.0,0.7096413312964956,0.0,0.0,0.32181924580033894,0.0,0.034793505166366305
9554,False,Assicurazione Casa e Famiglia: Casa Serena,Non Furto,20.60%,53.15%,0.32%,0.00%,0.00%,25.93%,374.3324261521378,3.142857142857143,64.41723949626069,1.0,1.0,27.69226394660271,19.431518809251425,258.59487795109294,14.945024339771155,22.165680165831127,268.65287926237306,1.0,1.0,0.0,1.0,1.0,1.0,1.0,1.0,1.0,0.0,1.0,1.0,1.0,1.0,0.725939975021156,0.19662325847618617,0.2700924695225899,0.018669183702654957,0.0,0.1466681760175969
9555,False,Assicurazione Casa e Famiglia: Casa Serena,Non Furto,10.39%,26.85%,5.51%,27.60%,0.00%,29.66%,80.21409131831525,2.412698412698413,138.9185681096427,1.0,1.0,155.24077769723326,117.05949126834336,38.21113517387276,3.0599031240529637,17.53436056797158,51.39563187512613,1.0,1.0,0.0,1.0,1.0,0.0,1.0,1.0,1.0,0.0,1.0,1.0,0.0,1.0,0.4704192095261035,0.0,0.0,0.6115094088778315,0.07794506850219,0.029256535957757925
9556,False,Polizza Vita a Premio Unico: Futuro Sicuro,Non Furto,1.24%,73.27%,4.81%,0.00%,0.00%,20.68%,276.2929812075303,2.967741935483871,77.33174544826639,1.0,1.0,301.79516909129563,40.81529038999894,305.94818137338945,40.07324779105986,56.997986188506616,268.65287926237306,1.0,0.0,0.0,1.0,1.0,1.0,1.0,1.0,1.0,1.0,1.0,1.0,0.0,1.0,0.4850280504359144,0.16625976466921627,0.2316055621541561,0.026544860667043636,0.0,0.2166161537519004
9574,True,Assicurazione Casa e Famiglia: Casa Serena,Furto,7.71%,28.36%,18.72%,17.51%,0.00%,27.70%,84.03380995252074,2.363636363636364,101.90574563986708,1.0,1.0,155.24077769723326,0.9396631119729708,473.6322947916224,1.279107567444598,40.409593885633335,268.65287926237306,0.0,0.0,0.0,1.0,1.0,1.0,1.0,1.0,1.0,0.0,1.0,1.0,0.0,1.0,0.7678145862402007,0.0,0.3220655434834511,0.08628475295223634,0.0,0.38520566794458305
9577,True,Assicurazione Casa e Famiglia: Casa Serena,Furto,9.14%,68.71%,0.18%,0.00%,0.00%,21.96%,217.72396214971283,2.736842105263158,86.33802422190244,1.0,1.0,30.62656987432468,33.10822857824076,287.1668139931118,73.08440687048763,70.49869053686352,292.0016976321951,1.0,0.0,0.0,1.0,1.0,1.0,1.0,1.0,1.0,1.0,1.0,1.0,1.0,1.0,0.38594635842200425,0.23997556543817364,0.14571496190239144,0.06022967541390842,0.017417258222864142,0.23908618016457814
9582,True,Assicurazione Casa e Famiglia: Casa Serena,Non Furto,9.49%,20.32%,26.11%,29.80%,0.00%,14.27%,54.749300423612,2.372093023255814,183.5620598115474,1.0,1.0,155.24077769723326,70.95599956553976,112.71777117239913,11.162296364839095,122.29859005283848,268.65287926237306,1.0,0.0,0.0,1.0,1.0,0.0,0.0,0.0,0.0,0.0,1.0,1.0,0.0,1.0,0.20152830448311526,0.0,0.5552637893395176,0.0,0.0,0.05606449468151968
9588,False,Assicurazione Casa e Famiglia: Casa Serena,Non Furto,7.21%,41.61%,1.43%,9.28%,0.00%,40.47%,145.14930809980856,2.807017543859649,95.38619982288851,1.0,1.0,14.188844024596794,117.05949126834336,112.71777117239913,24.72473862825459,57.344762521004334,268.65287926237306,0.0,0.0,0.0,1.0,1.0,0.0,1.0,1.0,1.0,1.0,1.0,1.0,1.0,1.0,0.7705034046845753,0.14375478500173788,0.0,0.0,0.0,0.3375228786820969
9595,False,Assicurazione Casa e Famiglia: Casa Serena,Non Furto,7.81%,15.65%,35.78%,26.33%,0.58%,13.84%,117.13803811563496,2.0869565217391304,91.7626297141601,1.0,1.0,155.24077769723326,117.05949126834336,4.184805523887809,11.247195693510308,37.42460183797583,268.65287926237306,0.0,0.0,0.0,1.0,0.0,0.0,0.0,0.0,0.0,0.0,1.0,1.0,0.0,1.0,0.3234351429509331,0.0,0.0,0.5888720214086137,0.0,0.014882738930910142
9599,False,Polizza Salute e Infortuni: Salute Protetta,Non Furto,2.73%,14.63%,31.90%,27.87%,6.49%,16.38%,17.82535362629228,2.7142857142857144,193.3630544998212,1.0,1.0,155.24077769723326,9.135432638754004,112.71777117239913,66.85805659014561,49.95205923323199,268.65287926237306,0.0,0.0,0.0,1.0,0.0,0.0,0.0,0.0,0.0,0.0,0.0,1.0,0.0,1.0,0.4539464493821661,0.0,0.6579632373395172,0.0,0.0,0.3995219360747223
9602,False,Polizza Salute e Infortuni: Salute Protetta,Non Furto,9.33%,69.57%,0.11%,0.00%,0.00%,20.99%,233.0028366865348,2.92896174863388,73.75367952708939,1.0,1.0,675.7374339341633,117.05949126834336,33.53439235662525,8.496096203305525,162.4443720839481,268.65287926237306,1.0,0.0,0.0,1.0,1.0,1.0,1.0,1.0,1.0,0.0,1.0,1.0,0.0,1.0,0.7179486878250542,0.01251438522763669,0.0,0.3974748033891725,0.0,0.05749424204082606
9606,True,Polizza Salute e Infortuni: Salute Protetta,Non Furto,4.01%,68.86%,0.81%,3.57%,0.00%,22.74%,189.71269216553924,2.751677852348993,84.89150180550556,1.0,1.0,155.24077769723326,117.05949126834336,235.5717109838068,2.154060146447254,15.505501868984906,136.7360175719113,1.0,0.0,0.0,1.0,1.0,1.0,1.0,1.0,1.0,1.0,1.0,1.0,1.0,1.0,0.7878565737100465,0.0,0.0,0.14675313555641636,0.006821077537452755,0.21266397982267327
9609,True,Assicurazione Casa e Famiglia: Casa Serena,Non Furto,15.62%,53.48%,0.90%,2.00%,0.00%,28.00%,90.40000767619657,2.422535211267605,128.73916100851773,1.0,1.0,155.24077769723326,117.05949126834336,112.71777117239913,1.9191117190316056,124.36291256840886,185.5146681318336,1.0,0.0,0.0,1.0,1.0,1.0,1.0,1.0,0.0,0.0,1.0,1.0,1.0,1.0,1.2333462559406518,0.0,0.0,0.0,0.022556734611659166,0.17609793648077934
9610,False,Assicurazione Casa e Famiglia: Casa Serena,Non Furto,9.75%,26.34%,22.13%,3.97%,0.00%,37.81%,101.85916357881302,2.25,111.06375036646774,1.0,1.0,155.24077769723326,117.05949126834336,12.100723216336442,59.86146561889382,4.487043522953293,552.3030962663116,1.0,0.0,0.0,1.0,1.0,1.0,1.0,1.0,0.0,0.0,1.0,1.0,1.0,1.0,0.8015614533443771,0.0,0.0,0.4620084067445938,0.03048791065906605,0.18154355280677933
9612,True,Assicurazione Casa e Famiglia: Casa Serena,Non Furto,1.80%,65.82%,5.20%,0.00%,0.00%,27.19%,240.64227395494572,2.740740740740741,83.24132977160203,1.0,1.0,155.24077769723326,406.70237004038114,584.342647926937,14.28120452524297,254.44179628952136,268.65287926237306,1.0,1.0,0.0,1.0,1.0,0.0,1.0,1.0,1.0,0.0,1.0,1.0,1.0,1.0,0.7505276724678587,0.0,0.08883569485706085,0.011529507380917138,0.0,0.10643278431726862
9617,False,Polizza Salute e Infortuni: Salute Protetta,Non Furto,9.20%,58.36%,6.22%,0.00%,0.00%,26.22%,193.53241079974472,2.6447368421052637,100.35082304997611,1.0,1.0,155.24077769723326,515.8112649514128,102.75865183310314,85.79493770640893,30.00832644240789,81.1071825228529,1.0,1.0,0.0,1.0,1.0,1.0,1.0,1.0,1.0,0.0,1.0,1.0,0.0,1.0,0.23540958982772958,0.0,0.04409604406854569,0.1432150402731021,0.058226265267157885,0.10244055291000452
9620,True,Assicurazione Casa e Famiglia: Casa Serena,Non Furto,0.00%,74.65%,0.84%,1.26%,0.00%,23.26%,221.54368078391832,2.632183908045977,76.65310280817253,1.0,1.0,535.8780913332698,294.94430507840667,279.3239117504565,8.759703114489637,24.183891086801964,268.65287926237306,1.0,0.0,0.0,1.0,1.0,1.0,1.0,1.0,1.0,1.0,1.0,1.0,1.0,1.0,0.8502773753560157,0.12175802276825481,0.18297885257646643,0.035953501841961936,0.0,0.7910457512644529
9623,False,Polizza Salute e Infortuni: Salute Protetta,Non Furto,2.02%,75.60%,0.00%,0.00%,0.00%,22.38%,252.1014298575622,2.97979797979798,71.89716162645746,1.0,1.0,664.0893602913347,117.05949126834336,52.99922739632315,42.70331554756228,36.914904418645165,268.65287926237306,0.0,0.0,0.0,1.0,1.0,1.0,1.0,1.0,1.0,1.0,1.0,1.0,0.0,1.0,0.659675084378197,0.008906768311215608,0.0,0.3519787672115413,0.0,0.06267677690494443
9624,False,Polizza Salute e Infortuni: Salute Protetta,Non Furto,20.29%,48.50%,1.07%,0.00%,0.00%,30.13%,210.08452488130183,2.957575757575757,82.15108632082202,1.0,1.0,155.24077769723326,328.6368060771489,379.1460671083277,31.73341983719292,25.154231803768045,408.0075081290449,1.0,1.0,0.0,1.0,1.0,1.0,1.0,1.0,1.0,1.0,1.0,1.0,1.0,1.0,0.8011253366270744,0.0,0.1261565940076048,0.09538102812783243,0.010928221135070065,0.19012908717548352
9634,True,Assicurazione Casa e Famiglia: Casa Serena,Non Furto,1.08%,24.39%,12.57%,37.09%,0.00%,24.86%,39.470425886790046,2.3225806451612905,237.58414605299336,1.0,1.0,155.24077769723326,117.05949126834336,0.7782794810389633,75.53645001490501,99.85268335587588,268.65287926237306,0.0,0.0,0.0,1.0,1.0,0.0,1.0,0.0,0.0,0.0,0.0,0.0,0.0,1.0,0.8742628656171568,0.0,0.0,0.6156300809162859,0.0,0.09070697684192414
9635,True,Assicurazione Casa e Famiglia: Casa Serena,Non Furto,6.27%,76.32%,0.55%,0.00%,0.00%,16.86%,230.45635759706445,2.707182320441989,81.8393825882485,1.0,1.0,155.24077769723326,627.1419003186821,431.6124831588374,36.26017693747031,141.69724062372856,1.993828309819541,1.0,0.0,0.0,1.0,1.0,1.0,1.0,1.0,1.0,0.0,1.0,1.0,0.0,1.0,0.8760628154744395,0.0,0.01448267546175805,0.05465148296882131,0.1361421753829135,0.07729066547927028
9637,False,Polizza Salute e Infortuni: Salute Protetta,Non Furto,10.03%,65.60%,0.00%,0.00%,0.00%,24.37%,295.3915743785578,3.1206896551724137,70.27401735618206,1.0,1.0,411.0528747543571,117.05949126834336,12.312789335799136,0.0728988386194101,106.92555633813956,268.65287926237306,1.0,0.0,0.0,1.0,1.0,1.0,1.0,1.0,1.0,0.0,1.0,1.0,0.0,1.0,0.7357029260123968,0.08343519250728813,0.0,0.28729556571559595,0.0,0.06940648691480612
9644,False,Polizza Salute e Infortuni: Salute Protetta,Non Furto,5.54%,62.55%,4.16%,0.00%,0.00%,27.76%,204.9915667023612,2.7453416149068324,72.41969325876708,1.0,1.0,155.24077769723326,500.0320909307484,127.54085730942332,33.46691752233536,116.84976144431025,268.65287926237306,1.0,0.0,1.0,1.0,1.0,0.0,1.0,1.0,1.0,0.0,1.0,1.0,1.0,1.0,0.8961135614236154,0.0,0.00863124879997169,0.11040629345683499,0.0,0.11472364131981484
9646,False,Polizza Salute e Infortuni: Salute Protetta,Non Furto,3.82%,21.17%,29.74%,14.28%,0.00%,30.99%,59.84225860255265,2.595744680851064,197.79079834404772,1.0,1.0,155.24077769723326,117.05949126834336,5.486261074597169,0.7209488875366535,76.63369163486631,346.7400997033751,0.0,0.0,0.0,1.0,0.0,0.0,0.0,1.0,1.0,0.0,1.0,1.0,0.0,1.0,0.4099369117601255,0.0,0.0,0.9291937946362828,0.02446934364672732,0.0
9664,False,Polizza Salute e Infortuni: Salute Protetta,Non Furto,1.90%,25.55%,51.36%,0.00%,0.00%,21.18%,239.3690344102106,2.734042553191489,58.17582235760322,1.0,1.0,155.24077769723326,401.2775220126859,32.97167062474458,4.547690133020088,99.02839959894692,268.65287926237306,0.0,0.0,0.0,1.0,1.0,0.0,1.0,1.0,0.0,0.0,1.0,0.0,0.0,1.0,0.6200838654000332,0.0,0.059953239242091234,0.768647201716544,0.0,0.10685037843108298
9679,True,Assicurazione Casa e Famiglia: Casa Serena,Non Furto,7.19%,49.84%,9.21%,0.00%,0.00%,33.76%,247.0084716786216,3.206185567010309,79.80024491812823,1.0,1.0,155.24077769723326,238.93391048938835,42.41248754547255,29.663272283614887,158.55531304591162,268.65287926237306,1.0,0.0,0.0,1.0,1.0,1.0,1.0,1.0,1.0,1.0,1.0,1.0,1.0,1.0,0.6878016269579418,0.0,0.1579632422210299,0.1955237097164368,0.0,0.13699873874123225
9681,True,Assicurazione Casa e Famiglia: Casa Serena,Non Furto,24.39%,23.74%,12.67%,0.00%,21.56%,17.63%,250.82819031282705,2.934010152284264,65.30762639501661,1.0,1.0,0.432352779801776,117.05949126834336,16.0829492022191,31.87312425993729,293.1502143391784,268.65287926237306,1.0,0.0,0.0,1.0,1.0,0.0,1.0,1.0,1.0,0.0,1.0,1.0,1.0,1.0,0.8603839532291634,0.21268958652485398,0.0,0.10844365886650213,0.0,0.0659640282110318
9686,False,Polizza Salute e Infortuni: Salute Protetta,Non Furto,0.00%,61.20%,0.00%,2.69%,0.00%,36.11%,297.9380534680281,2.9914529914529915,67.68646685153597,1.0,1.0,155.24077769723326,429.8312043499654,0.2075799438678588,0.1021342616037547,76.63369163486631,268.65287926237306,1.0,1.0,0.0,1.0,0.0,0.0,0.0,0.0,0.0,0.0,1.0,0.0,0.0,1.0,0.9046965906820683,0.0,0.09004551752591121,0.11293677425111594,0.0,0.0
9689,False,Assicurazione Casa e Famiglia: Casa Serena,Non Furto,26.59%,11.78%,0.00%,2.40%,17.31%,41.92%,91.67324722093171,2.75,96.71789237680927,1.0,1.0,68.46422224370588,117.05949126834336,0.664659826410784,77.42712725871337,55.541941292533714,268.65287926237306,1.0,1.0,0.0,1.0,1.0,0.0,1.0,1.0,1.0,0.0,1.0,1.0,0.0,1.0,0.5656691558730825,0.3307324965062743,0.0,0.36447943504993724,0.0,0.32289810065767693
9690,False,Assicurazione Casa e Famiglia: Casa Serena,Furto,13.33%,49.43%,9.34%,0.00%,0.00%,27.90%,213.90424351550732,2.6785714285714284,73.53302742381189,1.0,1.0,155.24077769723326,493.2928546876232,58.74478743065527,21.65863325155317,12.996867935361731,502.1182040464377,1.0,0.0,1.0,1.0,1.0,0.0,1.0,1.0,1.0,0.0,1.0,1.0,1.0,1.0,0.8091054685860091,0.0,0.008349445330773218,0.16783822109374216,0.0030595699652130135,0.09588445448747113
9716,True,Polizza Salute e Infortuni: Salute Protetta,Non Furto,1.38%,55.96%,7.86%,0.00%,0.00%,34.80%,161.70142218136567,2.881889763779528,88.24616243676442,1.0,1.0,155.24077769723326,117.05949126834336,243.05013728007856,28.47962580850454,64.69632565422043,566.2861762448163,1.0,0.0,0.0,1.0,1.0,0.0,1.0,1.0,1.0,1.0,1.0,1.0,1.0,1.0,0.8430660621684006,0.0,0.0,0.10149799965602892,0.010429986113974398,0.13967194153052198
9720,True,Polizza Salute e Infortuni: Salute Protetta,Non Furto,2.44%,27.40%,27.34%,10.65%,0.00%,32.17%,157.8817035471602,2.419354838709677,86.25002752382825,1.0,1.0,155.24077769723326,117.05949126834336,41.19420632434308,39.67283000895704,107.92761308251984,375.9425311422971,0.0,0.0,0.0,1.0,1.0,1.0,1.0,1.0,1.0,0.0,1.0,1.0,0.0,1.0,0.2871215158552938,0.0,0.0,0.34678066880361647,0.024553556479687093,0.11496219504360171
9724,False,Assicurazione Casa e Famiglia: Casa Serena,Non Furto,3.16%,13.86%,12.95%,51.47%,0.00%,18.56%,136.2366312866624,2.392523364485981,82.44738622041844,1.0,1.0,155.24077769723326,117.05949126834336,65.82569488408305,2.572027813922262,177.3456695204766,268.65287926237306,1.0,1.0,0.0,1.0,1.0,0.0,1.0,1.0,1.0,0.0,1.0,0.0,0.0,1.0,0.7523811989906792,0.0,0.0,0.8055440677191762,0.0,0.1772487287503184
9731,False,Polizza Salute e Infortuni: Salute Protetta,Non Furto,10.90%,32.96%,0.00%,14.85%,0.00%,41.29%,140.0563499208679,2.7454545454545456,109.4500868043257,1.0,1.0,37.60136811020995,117.05949126834336,119.33264239511163,23.905584602815438,60.28927933995103,268.65287926237306,0.0,0.0,0.0,1.0,1.0,0.0,1.0,1.0,1.0,0.0,1.0,1.0,1.0,1.0,0.6069038351824111,0.2362040367434777,0.0,0.31687190941042526,0.0,0.9370731768805525
9739,False,Assicurazione Casa e Famiglia: Casa Serena,Non Furto,14.27%,11.80%,13.86%,10.69%,31.79%,17.59%,28.01126998417358,2.1818181818181817,265.52743479999714,1.0,1.0,1.1202207612348332,197.3974754469737,7.11892608918115,114.89187970554464,3.3784271589874533,268.65287926237306,0.0,0.0,0.0,1.0,1.0,0.0,1.0,1.0,1.0,0.0,1.0,1.0,0.0,1.0,0.29048864063671315,0.3258964430580113,0.40663034082237837,0.20699620303920552,0.0,0.28338684829994887
9743,True,Polizza Salute e Infortuni: Salute Protetta,Non Furto,12.92%,37.65%,14.15%,0.00%,0.00%,35.28%,243.18875304441607,3.0575916230366493,70.41366543783776,1.0,1.0,155.24077769723326,20.790714443957707,23.508543302542385,10.497149853942034,52.38894924317574,268.65287926237306,0.0,0.0,0.0,1.0,1.0,1.0,1.0,1.0,1.0,0.0,1.0,1.0,1.0,1.0,0.8127888731511103,0.0,0.13034121725642953,0.0378742410284433,0.0,0.061961583084514014
9760,False,Assicurazione Casa e Famiglia: Casa Serena,Non Furto,12.36%,42.40%,0.00%,7.73%,0.00%,37.51%,182.0732548971283,2.923076923076923,88.44898187473265,1.0,1.0,33.8749338855263,183.5784851728323,631.3234304064804,3.7147442472739263,56.42347627932324,268.65287926237306,1.0,0.0,0.0,1.0,1.0,0.0,1.0,1.0,1.0,0.0,1.0,1.0,1.0,1.0,0.40940977418356467,0.23334902059631865,0.22703405017285624,0.004261228359106196,0.0,0.5233704564854118
9762,False,Polizza Salute e Infortuni: Salute Protetta,Non Furto,21.23%,20.49%,17.98%,20.50%,0.00%,19.80%,75.1211331393746,2.610169491525424,123.52928891940988,1.0,1.0,155.24077769723326,172.4074136317315,90.47084096300526,91.18589459204256,105.07056879833338,272.1640550455857,0.0,0.0,0.0,0.0,0.0,0.0,0.0,0.0,0.0,0.0,1.0,1.0,0.0,1.0,0.30191715894837734,0.0,0.2795594931291603,0.2518916179909782,0.021586799593198047,0.23519146171856944
9763,False,Polizza Salute e Infortuni: Salute Protetta,Non Furto,15.81%,51.40%,0.00%,6.80%,1.53%,24.47%,197.3521294339502,3.1354838709677417,77.14669247656892,1.0,1.0,155.24077769723326,58.4257747101185,13.699721277613628,29.130264991568573,215.9313108517477,268.65287926237306,1.0,1.0,0.0,1.0,1.0,0.0,1.0,1.0,1.0,1.0,1.0,1.0,0.0,1.0,0.7371039733525795,0.0,0.1952992004869973,0.14743139694825105,0.0,0.16149119265852685
9769,True,Polizza Vita a Premio Unico: Futuro Sicuro,Non Furto,3.26%,13.09%,29.36%,32.34%,0.00%,21.96%,34.37746770784939,2.074074074074074,147.6504377569492,1.0,1.0,155.24077769723326,117.05949126834336,346.7759671232069,11.838005855691668,47.176969383541305,268.65287926237306,0.0,0.0,0.0,0.0,0.0,0.0,0.0,0.0,0.0,0.0,0.0,0.0,0.0,0.0,0.43804279600740026,0.0,0.0,1.2007495327123203,0.0,0.25789003563545365
9778,True,Assicurazione Casa e Famiglia: Casa Serena,Non Furto,5.66%,24.13%,5.75%,39.87%,0.00%,24.58%,157.8817035471602,2.6377128626236788,89.39035139006947,1.0,1.0,155.24077769723326,117.05949126834336,112.71777117239913,19.08191685832108,76.63369163486631,268.65287926237306,1.0,0.0,0.0,1.0,1.0,0.0,1.0,1.0,1.0,0.0,1.0,1.0,0.0,1.0,0.5625255347840362,0.0,0.08842224120521386,0.14835685349991246,0.0,0.1488154278319723
9782,False,Polizza Salute e Infortuni: Salute Protetta,Non Furto,2.88%,47.69%,3.24%,12.91%,0.00%,33.28%,161.70142218136567,2.456692913385827,86.46259384428653,1.0,1.0,113.88903756550452,117.05949126834336,306.72590799528894,7.035056270767272,200.7189187437947,238.58552060968557,0.0,0.0,0.0,1.0,1.0,0.0,1.0,0.0,1.0,0.0,1.0,1.0,0.0,1.0,0.8244850838971064,0.15243810723670126,0.0,0.13709415859823076,0.006972564142587983,0.12526803185585272
9787,False,Polizza Salute e Infortuni: Salute Protetta,Non Furto,3.01%,66.48%,0.00%,0.00%,0.00%,30.51%,212.63100397077216,2.838323353293413,85.70875868103985,1.0,1.0,62.50794109903474,53.55458221100667,200.12252336434847,39.96257793127531,129.13971442146823,343.0908288464024,1.0,0.0,0.0,1.0,1.0,1.0,1.0,1.0,1.0,1.0,1.0,1.0,1.0,1.0,0.41271208374517904,0.2655213877564702,0.15231431293843165,0.055478012999866606,0.01732304376869238,0.24788728961282128
9788,False,Polizza Salute e Infortuni: Salute Protetta,Non Furto,3.00%,49.24%,0.00%,4.87%,0.00%,42.89%,190.9859317102744,2.9466666666666668,80.87719553044073,1.0,1.0,155.24077769723326,334.02815638201747,149.00222486100495,2.7021962928287766,98.05368619236732,268.65287926237306,0.0,0.0,0.0,1.0,1.0,1.0,1.0,1.0,1.0,0.0,1.0,1.0,1.0,1.0,0.7459262770645977,0.0,0.09486966379349854,0.1416450873028037,0.0,0.3181919026514381
9792,True,Assicurazione Casa e Famiglia: Casa Serena,Non Furto,8.23%,54.18%,1.44%,3.01%,0.00%,33.14%,255.92114849176767,2.945273631840796,79.9813878987658,1.0,1.0,11.69515628631998,63.46297301291839,226.70933234146776,14.777413682955222,22.915496227215105,268.65287926237306,1.0,0.0,0.0,1.0,1.0,1.0,1.0,1.0,1.0,1.0,1.0,1.0,0.0,1.0,0.3928711195044128,0.2542108122338891,0.21881111749330653,0.010594353597703414,0.0,0.2940495182290229
9793,True,Assicurazione Casa e Famiglia: Casa Serena,Non Furto,4.93%,17.00%,0.00%,52.29%,0.00%,25.79%,189.71269216553924,2.5369127516778525,78.57894379508284,1.0,1.0,155.24077769723326,117.05949126834336,4.560005214362427,58.23496754837877,88.71794920774008,268.65287926237306,1.0,1.0,0.0,1.0,1.0,0.0,0.0,0.0,0.0,0.0,1.0,1.0,0.0,1.0,0.5955291237833535,0.0,0.0,0.2397951394978742,0.0,0.13030379977610343
9798,True,Assicurazione Casa e Famiglia: Casa Serena,Non Furto,11.76%,30.08%,15.50%,15.85%,0.00%,26.81%,142.60282901033824,2.625,94.74124595577864,1.0,1.0,155.24077769723326,117.05949126834336,318.60841214563766,11.44785835274213,38.20487952349343,235.93954459367828,0.0,0.0,0.0,1.0,1.0,0.0,1.0,1.0,1.0,0.0,1.0,1.0,0.0,1.0,0.7853677298502285,0.0,0.0,0.1559984845606205,0.031702408310985086,0.2433990658700377
9800,False,Assicurazione Casa e Famiglia: Casa Serena,Furto,4.11%,76.19%,0.00%,1.26%,0.00%,18.45%,278.83946029700064,3.095890410958904,70.55495688442501,1.0,1.0,499.9041005312787,117.05949126834336,123.55902042609912,107.92784773993726,118.64907444495734,268.65287926237306,1.0,0.0,0.0,1.0,1.0,1.0,1.0,1.0,1.0,0.0,1.0,1.0,0.0,1.0,0.6962317161163872,0.048143580417718455,0.0,0.3872475428863318,0.0,0.05494983728115983
9803,True,Polizza Salute e Infortuni: Salute Protetta,Non Furto,1.61%,16.28%,16.07%,39.77%,0.00%,26.27%,86.58028904199107,2.588235294117647,120.63038538852062,1.0,1.0,155.24077769723326,169.70190693408128,112.71777117239913,22.362311928986145,108.64964878920097,268.65287926237306,0.0,0.0,0.0,1.0,1.0,0.0,1.0,1.0,1.0,0.0,1.0,1.0,0.0,1.0,0.6612788339509585,0.0,0.4906774483878266,0.0,0.0,0.07171249023473576
9804,True,Assicurazione Casa e Famiglia: Casa Serena,Non Furto,6.03%,23.61%,3.12%,29.43%,0.00%,37.80%,52.20282133414168,2.1951219512195124,182.71258664275268,1.0,1.0,4.633016095597086,117.05949126834336,2.642969105484031,35.036098173118326,226.72242961693576,268.65287926237306,0.0,0.0,0.0,1.0,0.0,1.0,0.0,0.0,0.0,0.0,0.0,0.0,1.0,1.0,0.3036152445750376,0.1312708024555667,0.0,0.6075340648437277,0.0,0.010574862946442035
9807,False,Assicurazione Casa e Famiglia: Casa Serena,Non Furto,6.91%,36.20%,21.40%,4.24%,0.00%,31.25%,212.63100397077216,2.718562874251497,77.85243240449603,1.0,1.0,356.5415716145595,117.05949126834336,12.619931711094663,47.77059736899659,48.023471600898446,276.68314660534776,0.0,0.0,0.0,1.0,1.0,1.0,1.0,0.0,0.0,0.0,1.0,1.0,1.0,1.0,0.42414134296486544,0.03875125020097005,0.0,0.19681881538206736,0.01164688589228527,0.2511387869800999
9811,False,Assicurazione Casa e Famiglia: Casa Serena,Non Furto,12.15%,65.01%,0.00%,0.00%,0.00%,22.84%,159.15494309189535,2.72,73.09397132543678,1.0,1.0,155.24077769723326,117.05949126834336,446.2070892997687,55.459567332967694,163.50398672760548,416.3855053672391,1.0,0.0,0.0,1.0,1.0,1.0,1.0,1.0,1.0,1.0,1.0,1.0,1.0,1.0,1.2998937232989074,0.0,0.0,0.0757430918894799,0.009553017738866115,0.2564526395577326
9816,False,Polizza Salute e Infortuni: Salute Protetta,Non Furto,4.98%,26.92%,0.00%,27.51%,0.00%,40.59%,75.1211331393746,2.5084745762711864,130.8045138964611,1.0,1.0,22.469743500339742,117.05949126834336,106.30955624081297,11.424994197823109,95.73517262392176,268.65287926237306,0.0,0.0,0.0,1.0,0.0,0.0,0.0,1.0,0.0,0.0,1.0,1.0,0.0,1.0,0.5962789056370632,0.19555388312133443,0.0,0.35168758734972033,0.0,0.1776520916145493
9818,True,Assicurazione Casa e Famiglia: Casa Serena,Furto,16.61%,39.96%,4.82%,22.96%,0.00%,15.65%,53.47606087887684,2.380952380952381,130.12298772615011,1.0,1.0,155.24077769723326,88.39522025258327,112.71777117239913,139.55998566037002,28.99957685970776,95.53668058152044,0.0,0.0,0.0,0.0,0.0,0.0,0.0,0.0,0.0,0.0,1.0,0.0,0.0,1.0,0.17180454185025673,0.0,0.3650811641982925,0.0,0.01881350185709081,0.4459271519434086
9820,False,Assicurazione Casa e Famiglia: Casa Serena,Non Furto,4.16%,6.80%,27.13%,23.73%,0.00%,38.19%,68.75493541569878,2.0,140.7531494132099,1.0,1.0,155.24077769723326,117.05949126834336,1.8358047677399023,38.63893587236584,15.346907489750784,268.65287926237306,0.0,0.0,0.0,1.0,0.0,0.0,0.0,0.0,0.0,0.0,1.0,1.0,0.0,1.0,0.174106212279749,0.0,0.0,0.41491158082847646,0.0,0.13490297396667592
9828,False,Polizza Salute e Infortuni: Salute Protetta,Non Furto,1.72%,42.67%,23.55%,0.00%,0.00%,32.07%,387.0648215994895,3.223684210526316,71.16219959597805,1.0,1.0,257.9266789295835,27.93164961047216,45.112376274699145,7.08236762144165,157.69616407369884,268.65287926237306,1.0,0.0,0.0,1.0,1.0,1.0,1.0,1.0,1.0,0.0,1.0,1.0,1.0,1.0,0.6591728096304873,0.08780516886453375,0.09063728861992353,0.21691689489000335,0.0,0.07168868134425822
9830,False,Polizza Salute e Infortuni: Salute Protetta,Non Furto,1.49%,28.62%,31.53%,4.76%,0.00%,33.60%,216.45072260497767,2.788235294117647,71.09461443678691,1.0,1.0,94.78400509424571,117.05949126834336,526.1871774383724,101.63957438557534,105.46126049124211,268.65287926237306,1.0,1.0,0.0,1.0,1.0,0.0,1.0,1.0,1.0,0.0,1.0,1.0,1.0,1.0,1.0676547254466713,0.1267271882904301,0.0,0.052835436391471924,0.0,0.4158110879628121
9831,True,Assicurazione Casa e Famiglia: Casa Serena,Furto,22.37%,35.69%,0.28%,4.72%,0.00%,36.94%,218.997201694448,2.895348837209302,80.70942508276471,1.0,1.0,155.24077769723326,45.35856169743903,44.34922416615976,109.77586994367344,49.43716923245016,268.65287926237306,1.0,0.0,1.0,1.0,1.0,0.0,1.0,1.0,1.0,0.0,1.0,1.0,1.0,1.0,0.5749597069929228,0.0,0.25539830721291085,0.321593379601642,0.0,0.35861300221221
9835,True,Piano Individuale Pensionistico (PIP): Pensione Serenità,Non Furto,1.32%,32.35%,5.82%,1.14%,0.00%,59.36%,145.14930809980856,2.807017543859649,95.38619982288851,1.0,1.0,14.188844024596794,117.05949126834336,112.71777117239913,24.72473862825459,57.344762521004334,268.65287926237306,0.0,0.0,0.0,1.0,1.0,0.0,1.0,1.0,1.0,1.0,1.0,1.0,1.0,1.0,0.7705034046845753,0.14375478500173788,0.0,0.0,0.0,0.3375228786820969
9836,False,Assicurazione Casa e Famiglia: Casa Serena,Non Furto,3.83%,31.39%,20.61%,3.64%,0.00%,40.52%,59.84225860255265,2.3404255319148937,119.42242056375753,1.0,1.0,39.97716284341211,117.05949126834336,112.71777117239913,223.13983752851144,92.35698647117115,268.65287926237306,0.0,0.0,0.0,0.0,1.0,0.0,0.0,0.0,0.0,0.0,0.0,1.0,0.0,1.0,0.1914781308951461,0.27091976096259385,0.0,0.0,0.0,0.22468402589021794
9854,True,Assicurazione Casa e Famiglia: Casa Serena,Non Furto,7.79%,25.37%,16.55%,0.00%,0.00%,50.29%,192.2591712550096,2.463576158940397,86.31655847578722,1.0,1.0,15.638278748637152,273.4011973884124,145.7779765103793,15.801506554392606,35.29527348625038,576.4075876174546,1.0,1.0,0.0,1.0,1.0,0.0,1.0,1.0,1.0,0.0,1.0,1.0,0.0,1.0,0.49937490431562087,0.15127792634108225,0.08872801813828973,0.3110225449017476,0.004577363846075346,0.16168271523395475
9863,True,Polizza Salute e Infortuni: Salute Protetta,Non Furto,5.39%,27.41%,8.18%,1.23%,0.00%,57.79%,220.2704412391832,2.8439306358381504,83.83244363007677,1.0,1.0,155.24077769723326,458.1239119414026,36.32048671362966,8.570568458507775,67.01765949971835,131.68959664780957,1.0,0.0,0.0,1.0,1.0,1.0,1.0,1.0,1.0,1.0,1.0,1.0,1.0,1.0,0.6383455932211545,0.0,0.08008691103001597,0.1875748663263047,0.005756040372691817,0.16784862693648173
9868,False,Assicurazione Casa e Famiglia: Casa Serena,Non Furto,0.00%,71.44%,2.28%,0.00%,0.00%,26.27%,310.6704489153797,2.7868852459016398,68.99267221793187,1.0,1.0,155.24077769723326,366.68316145562375,112.71777117239913,19.174834936761847,142.98879516461255,521.9133399276434,1.0,0.0,0.0,1.0,1.0,1.0,1.0,1.0,1.0,0.0,1.0,1.0,1.0,1.0,0.6439121641919602,0.0,0.21077701135001095,0.0,0.0053517185314918125,0.109911444142878
9873,True,Polizza Salute e Infortuni: Salute Protetta,Non Furto,0.00%,11.91%,0.00%,54.36%,0.00%,33.73%,30.557749073643905,2.083333333333333,246.611803738253,1.0,1.0,319.5352328218105,117.05949126834336,399.7811242981657,0.8043679556471731,234.37066733560735,268.65287926237306,0.0,0.0,0.0,1.0,0.0,0.0,0.0,0.0,1.0,0.0,0.0,1.0,1.0,1.0,0.08784466590315845,0.33224212210664805,0.0,0.40691453807477324,0.0,0.09178934993665233
9880,True,Assicurazione Casa e Famiglia: Casa Serena,Non Furto,9.58%,24.54%,7.46%,2.65%,3.25%,52.52%,133.69015219719208,2.8,85.08511960406017,1.0,1.0,155.24077769723326,150.3697582404637,453.4364626350788,27.627346380913256,39.842166438715736,268.65287926237306,0.0,0.0,0.0,1.0,0.0,0.0,1.0,1.0,1.0,0.0,1.0,1.0,1.0,1.0,0.8137167695689203,0.0,0.1676460953818984,0.027410546614712015,0.0,0.2454590542821804
9883,True,Polizza Vita a Premi Ricorrenti: Risparmio Costante,Non Furto,5.24%,33.14%,22.85%,0.00%,0.00%,38.76%,213.90424351550732,2.9761904761904763,86.82488194987859,1.0,1.0,155.24077769723326,49.98621536978466,47.58258058195834,14.135852916810244,10.777840679636473,268.65287926237306,1.0,0.0,1.0,1.0,1.0,1.0,1.0,1.0,1.0,0.0,1.0,1.0,1.0,1.0,0.7179163387609017,0.0,0.08850037083977105,0.10964544149153813,0.0,0.15767012377997552
9890,False,Assicurazione Casa e Famiglia: Casa Serena,Furto,6.76%,16.79%,19.05%,19.40%,0.00%,38.00%,40.74366543152521,2.1875,214.90586205178977,1.0,1.0,155.24077769723326,117.05949126834336,19.774932792361906,71.65528868101117,202.0416640226912,268.65287926237306,0.0,0.0,0.0,1.0,1.0,1.0,1.0,1.0,1.0,0.0,1.0,1.0,0.0,1.0,0.3255813513798872,0.0,0.0,1.200261707848943,0.0,0.08791214566586199
9894,True,Polizza Salute e Infortuni: Salute Protetta,Non Furto,0.68%,15.43%,48.06%,0.00%,0.00%,35.82%,53.47606087887684,2.333333333333333,201.1004236521532,1.0,1.0,155.24077769723326,117.05949126834336,112.71777117239913,11.568873098378432,23.224385764027943,268.65287926237306,0.0,0.0,0.0,1.0,0.0,0.0,1.0,1.0,1.0,0.0,1.0,1.0,0.0,1.0,0.9846115347628454,0.0,0.0,0.0,0.0,0.25289739946818046
9896,False,Polizza Salute e Infortuni: Salute Protetta,Non Furto,4.42%,62.79%,4.11%,0.00%,0.00%,28.69%,304.3042511917039,2.9456066945606696,76.12954389105211,1.0,1.0,158.2821489119914,16.49730389833706,305.69516404092235,116.7334566285617,72.50429182684694,268.65287926237306,1.0,0.0,0.0,1.0,1.0,1.0,1.0,1.0,1.0,1.0,1.0,1.0,0.0,1.0,0.4817304732567483,0.1496895106979629,0.228271231259082,0.020205118574376634,0.0,0.19238069134355024
9900,True,Piano Individuale Pensionistico (PIP): Pensione Serenità,Non Furto,0.00%,56.65%,18.52%,0.00%,0.00%,24.83%,339.9549584442884,3.153558052434457,72.42094654460753,1.0,1.0,24.263133649905026,136.54972404290615,83.17315889564543,6.548130154719117,195.8645606575227,268.65287926237306,1.0,0.0,0.0,1.0,1.0,1.0,1.0,1.0,1.0,1.0,1.0,1.0,1.0,1.0,0.8498544419632236,0.059311570416004725,0.04942115538239279,0.20462919514381156,0.0,0.07571347054790044
9910,True,Assicurazione Casa e Famiglia: Casa Serena,Non Furto,3.14%,63.32%,0.00%,0.00%,0.00%,33.54%,206.2648062470964,2.888888888888889,88.08756152264338,1.0,1.0,120.03175591129778,84.55894960827392,169.48606682957913,19.08191685832108,195.70501971153692,409.0880163850545,1.0,0.0,0.0,1.0,1.0,1.0,1.0,1.0,1.0,1.0,1.0,1.0,0.0,1.0,0.42275162927022136,0.2734235337970393,0.1490426488098991,0.05784858914999801,0.0170713280777979,0.331678418033078
9913,False,Polizza Salute e Infortuni: Salute Protetta,Non Furto,7.98%,62.60%,0.00%,0.00%,0.00%,29.43%,212.63100397077216,2.7784431137724552,88.73026051041239,1.0,1.0,97.08568101883964,32.88161396454856,286.6212795213836,6.624240887636423,136.3048406523269,358.22223201423867,1.0,0.0,0.0,1.0,1.0,1.0,1.0,1.0,1.0,1.0,1.0,1.0,1.0,1.0,0.3870394572166821,0.29213868498390483,0.15904023217800398,0.05911105962280714,0.017093776152740194,0.3053673601704062
9919,False,Polizza Salute e Infortuni: Salute Protetta,Non Furto,31.79%,130.16%,0.22%,0.62%,0.00%,0.00%,204.9915667023612,2.7080745341614905,68.78905254538573,1.0,1.0,155.24077769723326,117.05949126834336,112.71777117239913,24.519315020461416,75.54458292618655,268.65287926237306,1.0,0.0,0.0,1.0,1.0,1.0,1.0,1.0,1.0,0.0,1.0,1.0,1.0,1.0,1.3865284448060753,0.0,0.0,0.0,0.0,0.11771585473528963
9922,True,Assicurazione Casa e Famiglia: Casa Serena,Non Furto,14.85%,62.56%,0.00%,0.00%,0.00%,22.59%,283.9324184759413,2.645739910313901,78.87071447112645,1.0,1.0,155.24077769723326,489.2761457384617,112.71777117239913,13.733862072365886,91.01403806334504,268.65287926237306,1.0,0.0,0.0,1.0,1.0,1.0,1.0,1.0,1.0,0.0,1.0,1.0,1.0,1.0,0.8200471043124252,0.0,0.05129690851295157,0.0,0.0,0.11065914626073435
9931,True,Polizza Salute e Infortuni: Salute Protetta,Non Furto,9.84%,27.00%,0.00%,33.91%,0.00%,29.25%,90.40000767619657,2.4507042253521125,138.66629214789285,1.0,1.0,153.83422783140935,233.28837447460944,294.94227402187204,3.3289324702008254,255.4677638158423,268.65287926237306,0.0,0.0,0.0,0.0,0.0,0.0,0.0,0.0,0.0,0.0,0.0,1.0,0.0,1.0,0.33465165895884125,0.26502550893165155,0.1354034868522707,0.032278242167324986,0.0,0.10777727587812397
9939,False,Polizza Salute e Infortuni: Salute Protetta,Non Furto,10.96%,58.63%,0.00%,2.48%,19.48%,8.45%,213.90424351550732,2.9642857142857144,79.64478241171292,1.0,1.0,155.24077769723326,117.05949126834336,112.71777117239913,6.096365308924702,87.22348670206169,268.65287926237306,1.0,1.0,0.0,1.0,1.0,0.0,1.0,1.0,1.0,1.0,1.0,1.0,0.0,1.0,0.9169730286127028,0.0,0.0,0.0,0.0,0.10849302771372245
9940,False,Polizza Salute e Infortuni: Salute Protetta,Non Furto,14.07%,41.54%,0.00%,18.82%,0.00%,25.57%,196.07888988921505,2.8701298701298703,83.71616964597764,1.0,1.0,155.24077769723326,593.618679835048,15.10589295933624,6.57783128108966,117.89249941256176,268.65287926237306,1.0,0.0,0.0,1.0,1.0,0.0,1.0,1.0,1.0,1.0,1.0,1.0,0.0,1.0,0.41488391416935716,0.0,0.027412218746849046,0.29853327511854905,0.0,0.24100836629919276
9942,True,Assicurazione Casa e Famiglia: Casa Serena,Non Furto,5.87%,76.22%,0.00%,7.18%,0.00%,10.73%,164.247901270836,2.3410852713178296,102.45770062331152,1.0,1.0,155.24077769723326,88.855201365587,264.2996226041842,92.40228883342482,136.20150768403028,251.31263216313943,1.0,1.0,0.0,1.0,1.0,1.0,1.0,1.0,1.0,1.0,1.0,1.0,1.0,1.0,0.27920391995782,0.0,0.2413265184586409,0.28581460084311766,0.002786028028217758,0.23671905047312458
9943,True,Polizza Salute e Infortuni: Salute Protetta,Non Furto,11.74%,63.92%,1.12%,0.55%,0.00%,22.68%,275.0197416627951,2.925925925925926,79.3254034776641,1.0,1.0,8.35199822143928,49.70866763529691,101.70884437739277,6.336034288480301,0.935040487710874,615.5835069020075,1.0,0.0,0.0,1.0,1.0,1.0,1.0,1.0,1.0,1.0,1.0,1.0,0.0,1.0,0.44103948354943046,0.1608105550199687,0.16506588366647035,0.058762460322921414,0.008441236323409712,0.11551506513390625
9944,True,Assicurazione Casa e Famiglia: Casa Serena,Non Furto,20.22%,85.37%,13.54%,18.12%,1.18%,0.00%,112.04507993669432,2.840909090909091,96.90251660543971,1.0,1.0,175.95778222790597,117.05949126834336,110.11545692630226,14.493271619269628,14.503641359363815,268.65287926237306,1.0,0.0,0.0,1.0,1.0,1.0,1.0,0.0,1.0,1.0,1.0,1.0,1.0,1.0,0.6897078410391293,0.20916574303103103,0.0,0.1143964907844578,0.0,0.5783613073781041
9948,True,Polizza Salute e Infortuni: Salute Protetta,Non Furto,2.05%,4.65%,44.30%,26.79%,0.00%,22.21%,131.14367310772175,2.407766990291262,98.99451085043026,1.0,1.0,155.24077769723326,1.6072300437978018,309.16946934976454,31.11570150975614,274.23882032145355,268.65287926237306,0.0,0.0,0.0,1.0,1.0,0.0,1.0,0.0,0.0,0.0,0.0,1.0,0.0,1.0,0.5828733360022531,0.0,0.29570300612156414,0.2365257410989188,0.0,0.11261616419589701
9950,True,Polizza Salute e Infortuni: Salute Protetta,Non Furto,10.38%,21.43%,0.00%,34.20%,0.00%,33.99%,33.10422816311423,2.6153846153846154,289.5029900731404,1.0,1.0,155.24077769723326,270.06107981589446,141.95904630743277,22.961156823634877,39.57600337597166,268.65287926237306,0.0,0.0,0.0,1.0,1.0,0.0,0.0,0.0,0.0,0.0,1.0,1.0,0.0,1.0,0.011091964680998444,0.0,0.5126086058479926,0.6594727683729262,0.0,0.1539766975274943
9951,True,Assicurazione Casa e Famiglia: Casa Serena,Non Furto,26.98%,30.98%,6.88%,9.19%,0.00%,25.98%,198.62536897868537,2.6923076923076925,81.62806453514371,1.0,1.0,155.24077769723326,40.466107127371735,35.16093835281466,118.73408528815796,12.1477814056329,154.1966303691519,1.0,1.0,0.0,1.0,1.0,1.0,1.0,1.0,1.0,0.0,1.0,1.0,1.0,1.0,0.09975237642313672,0.0,0.23095817256367565,0.14811596647711958,0.042883087152171644,0.33782391415814655
9953,False,Assicurazione Casa e Famiglia: Casa Serena,Non Furto,7.46%,34.05%,0.00%,13.21%,0.00%,45.27%,169.34085944977664,2.796992481203008,85.31278196157588,1.0,1.0,155.24077769723326,173.65018981899476,106.75833998755368,0.1500820731899083,76.63369163486631,268.65287926237306,0.0,0.0,0.0,1.0,1.0,1.0,0.0,1.0,1.0,0.0,0.0,0.0,0.0,1.0,0.593288597033786,0.0,0.15490622104607837,0.36170661491051415,0.0,0.0
9959,True,Assicurazione Casa e Famiglia: Casa Serena,Non Furto,3.97%,24.83%,0.00%,47.97%,0.00%,23.23%,33.10422816311423,2.923076923076923,163.94028269625545,1.0,1.0,155.24077769723326,117.05949126834336,251.80021513148293,4.211633467105185,76.63369163486631,268.65287926237306,0.0,0.0,0.0,1.0,0.0,0.0,0.0,0.0,0.0,0.0,0.0,0.0,0.0,1.0,0.48422402475654563,0.0,0.0,2.8048975314376614,0.0,0.0
9961,False,Assicurazione Casa e Famiglia: Casa Serena,Non Furto,10.44%,62.63%,0.00%,0.94%,1.28%,24.71%,212.63100397077216,2.7784431137724552,88.73026051041239,1.0,1.0,97.08568101883964,32.88161396454856,286.6212795213836,6.624240887636423,136.3048406523269,358.22223201423867,1.0,0.0,0.0,1.0,1.0,1.0,1.0,1.0,1.0,1.0,1.0,1.0,1.0,1.0,0.3870394572166821,0.29213868498390483,0.15904023217800398,0.05911105962280714,0.017093776152740194,0.3053673601704062
9967,False,Assicurazione Casa e Famiglia: Casa Serena,Non Furto,14.41%,25.42%,9.08%,22.68%,0.00%,28.40%,162.97466172610083,2.84375,83.05399139434085,1.0,1.0,342.4768435199014,229.0592145678843,9.186656204503468,20.33386986743404,16.87385648320733,268.65287926237306,0.0,0.0,0.0,1.0,1.0,0.0,0.0,0.0,0.0,0.0,1.0,1.0,0.0,1.0,0.42497719917209414,0.12073854354289751,0.12084375493527329,0.2916385945756096,0.0,0.43590864135290497
9973,True,Assicurazione Casa e Famiglia: Casa Serena,Furto,4.47%,17.90%,6.27%,38.80%,0.00%,32.56%,124.77747538404594,2.653061224489796,112.9795748562289,1.0,1.0,155.24077769723326,117.05949126834336,253.82265370621732,1.7210037166124403,229.81665130904528,436.421474554245,0.0,0.0,0.0,1.0,0.0,0.0,0.0,0.0,0.0,0.0,0.0,1.0,0.0,1.0,0.4599127319331071,0.0,0.0,0.2075436117297437,0.0016608228402683104,0.021979983356131404
9974,False,Assicurazione Casa e Famiglia: Casa Serena,Non Furto,7.98%,59.17%,0.00%,10.42%,0.00%,22.43%,341.2281979890236,2.701492537313433,64.77585821165044,1.0,1.0,326.2719902542148,117.05949126834336,247.95151088193091,6.856726588216731,72.0386868259596,184.07969059712616,1.0,1.0,0.0,1.0,1.0,0.0,1.0,1.0,1.0,0.0,1.0,1.0,0.0,1.0,0.7887708643539818,0.05403693436537613,0.0,0.13362604360135277,0.10092567945965861,0.1323688752939282
9975,True,Polizza Salute e Infortuni: Salute Protetta,Non Furto,8.67%,64.28%,0.00%,11.68%,0.00%,15.37%,151.51550582348438,3.210084033613445,78.61424718087603,1.0,1.0,155.24077769723326,9.81920761715058,38.28161852637641,39.51183199932628,129.84410968734778,268.65287926237306,0.0,0.0,0.0,1.0,1.0,1.0,1.0,1.0,1.0,0.0,1.0,1.0,0.0,1.0,0.8100007788609065,0.0,0.2763775257400766,0.14912413646527384,0.0,0.2287804921650293
9982,False,Assicurazione Casa e Famiglia: Casa Serena,Non Furto,11.90%,67.49%,0.00%,1.07%,0.00%,19.54%,171.88733853924697,2.785185185185185,84.43472480901787,1.0,1.0,155.24077769723326,416.7917930160126,171.25600830933828,14.431213003242805,36.87789521808137,268.65287926237306,1.0,0.0,0.0,1.0,1.0,1.0,1.0,1.0,1.0,0.0,1.0,1.0,1.0,1.0,0.45586245464572345,0.0,0.11286510407888546,0.2886367964575515,0.0,0.5655567165162827
9985,False,Assicurazione Casa e Famiglia: Casa Serena,Furto,6.55%,80.88%,0.00%,0.00%,0.00%,12.58%,289.02537665488194,2.898678414096916,69.11604861780312,1.0,1.0,371.3205971377675,358.3195260593056,261.80247996005403,68.80447150243752,52.05905862635314,242.239590692158,1.0,0.0,0.0,1.0,1.0,0.0,1.0,1.0,1.0,0.0,1.0,1.0,1.0,1.0,0.7546285575819023,0.19254968241439582,0.058049697114640746,0.03423533208089891,0.003075335055883739,0.3662276969451949
9992,False,Polizza Salute e Infortuni: Salute Protetta,Non Furto,21.41%,47.16%,0.00%,11.96%,0.00%,19.47%,421.44228930733885,3.214501510574018,66.52118913802857,1.0,1.0,465.2736524351227,174.57214543734173,35.55484437184827,35.60920970891179,200.78852835837617,268.65287926237306,1.0,0.0,0.0,1.0,1.0,1.0,1.0,1.0,1.0,0.0,1.0,1.0,1.0,1.0,0.6514170497093273,0.06986347251790351,0.048624625659707044,0.2348935059105487,0.0,0.06813889848797856
9994,False,Assicurazione Casa e Famiglia: Casa Serena,Non Furto,5.73%,44.24%,7.98%,7.70%,0.00%,34.35%,101.85916357881302,2.65,132.4235015230175,1.0,1.0,83.25231222749795,83.25231222749795,8.337821135881718,53.07472530455196,108.394106162212,268.65287926237306,1.0,0.0,0.0,1.0,0.0,1.0,1.0,1.0,1.0,0.0,1.0,1.0,1.0,1.0,0.5314061278615428,0.30810754864405726,0.08628959015841224,0.4269213555732608,0.0,0.37831340840036715
9996,False,Polizza Salute e Infortuni: Salute Protetta,Non Furto,5.56%,36.64%,0.00%,17.44%,0.00%,40.36%,141.32958946560305,2.5045045045045047,88.99694065503836,1.0,1.0,155.24077769723326,66.22771211080747,550.2995674321791,10.221404694951817,62.6608525849437,268.65287926237306,0.0,0.0,0.0,1.0,1.0,0.0,0.0,1.0,0.0,0.0,0.0,1.0,0.0,1.0,0.6752154619772053,0.0,0.262818666872674,0.0480183002712543,0.0,0.24395258905662448
10004,False,Polizza Salute e Infortuni: Salute Protetta,Non Furto,5.33%,59.46%,3.97%,6.52%,0.00%,24.72%,355.2338329811104,2.960573476702509,56.36464214456789,1.0,1.0,390.464878089808,177.43343344411804,97.71103804208852,3.751133065913108,3.964440345127096,268.65287926237306,1.0,1.0,0.0,1.0,1.0,0.0,1.0,0.0,0.0,0.0,1.0,1.0,0.0,1.0,0.6872108487106187,0.2874801818144421,0.30301444704088004,0.1930767028512923,0.0,0.2447203540142093
10006,False,Assicurazione Casa e Famiglia: Casa Serena,Furto,11.40%,52.95%,6.45%,13.82%,0.00%,15.38%,178.25353626292278,2.6714285714285717,92.41153257075489,1.0,1.0,678.9206273443684,117.05949126834336,150.47830361528398,141.70133006240692,77.68458514528695,268.65287926237306,0.0,0.0,0.0,1.0,1.0,0.0,0.0,0.0,0.0,0.0,1.0,1.0,0.0,1.0,0.30767657289298256,0.009403959281637847,0.0,0.1294637900424532,0.0,0.11734597099270436
10007,False,Assicurazione Casa e Famiglia: Casa Serena,Non Furto,8.57%,65.32%,0.00%,6.46%,0.00%,19.64%,275.0197416627951,2.592592592592593,77.05239717310658,1.0,1.0,155.24077769723326,117.05949126834336,159.26753773638148,5.207486448463704,278.4739456324854,100.8171128981118,0.0,0.0,0.0,1.0,1.0,0.0,1.0,1.0,1.0,0.0,1.0,1.0,0.0,1.0,0.8158750380275857,0.0,0.0,0.24332987505539702,0.08934036695822183,0.004172362161243444
10008,True,Polizza Vita a Premio Unico: Futuro Sicuro,Non Furto,8.39%,42.32%,14.60%,12.11%,0.00%,22.59%,387.0648215994895,3.223684210526316,71.16219959597805,1.0,1.0,257.9266789295835,27.93164961047216,45.112376274699145,7.08236762144165,157.69616407369884,268.65287926237306,1.0,0.0,0.0,1.0,1.0,1.0,1.0,1.0,1.0,0.0,1.0,1.0,1.0,1.0,0.6591728096304873,0.08780516886453375,0.09063728861992353,0.21691689489000335,0.0,0.07168868134425822
10009,True,Polizza Salute e Infortuni: Salute Protetta,Non Furto,10.15%,15.87%,12.78%,31.33%,0.00%,29.87%,68.75493541569878,2.4074074074074074,150.1984453207732,1.0,1.0,155.24077769723326,117.05949126834336,123.80632949136267,22.748389840461407,76.63369163486631,268.65287926237306,0.0,0.0,0.0,0.0,1.0,0.0,0.0,0.0,0.0,0.0,0.0,1.0,1.0,1.0,0.1538088542869867,0.0,0.0,0.4572128883929379,0.0,0.0
10019,False,Assicurazione Casa e Famiglia: Casa Serena,Non Furto,7.23%,74.74%,0.00%,2.50%,0.00%,15.52%,221.54368078391832,2.632183908045977,76.65310280817253,1.0,1.0,535.8780913332698,294.94430507840667,279.3239117504565,8.759703114489637,24.183891086801964,268.65287926237306,1.0,0.0,0.0,1.0,1.0,1.0,1.0,1.0,1.0,1.0,1.0,1.0,1.0,1.0,0.8502773753560157,0.12175802276825481,0.18297885257646643,0.035953501841961936,0.0,0.7910457512644529
10020,False,Assicurazione Casa e Famiglia: Casa Serena,Non Furto,5.53%,30.14%,14.90%,26.84%,0.00%,22.58%,222.81692032865348,2.777142857142857,83.51891210341122,1.0,1.0,106.30207965403588,279.77653937524065,355.9315370149981,38.59255590280855,157.03984494747672,364.2866740417618,0.0,0.0,0.0,1.0,1.0,1.0,1.0,1.0,1.0,0.0,1.0,1.0,0.0,1.0,0.440236205072871,0.3788631212124218,0.025108838440762886,0.04633489070147174,0.01014184016085098,0.23176109138525144
10025,True,Polizza Salute e Infortuni: Salute Protetta,Non Furto,7.26%,23.76%,10.52%,33.53%,0.00%,24.93%,57.29577951308232,2.311111111111111,159.48391300340532,1.0,1.0,155.24077769723326,117.05949126834336,2.693862206787017,0.0019588338219321,76.63369163486631,182.565920180396,0.0,0.0,0.0,1.0,0.0,0.0,0.0,0.0,0.0,0.0,0.0,1.0,0.0,0.0,0.4933927035233312,0.0,0.0,0.8653591802101005,0.031458267896332236,0.0
10034,False,Assicurazione Casa e Famiglia: Casa Serena,Non Furto,8.22%,54.47%,1.36%,2.49%,0.00%,33.46%,402.34369613631145,3.1202531645569622,60.35862300693804,1.0,1.0,197.28984742045813,362.8821667978378,284.17470146772183,7.616360414215358,118.67215118093114,268.65287926237306,1.0,1.0,0.0,1.0,1.0,1.0,1.0,1.0,1.0,0.0,1.0,1.0,1.0,1.0,1.0440592945016045,0.23704488585210576,0.12961714575796485,0.06507182645781386,0.0,0.08811362524662923
10047,True,Piano Individuale Pensionistico (PIP): Pensione Serenità,Non Furto,14.78%,60.66%,0.00%,0.00%,0.00%,24.57%,157.8817035471602,2.532258064516129,89.38345964353593,1.0,1.0,155.24077769723326,189.84312011244532,137.09612417857636,7.69345132242175,56.06418141465528,268.65287926237306,1.0,0.0,0.0,1.0,1.0,1.0,1.0,1.0,1.0,1.0,1.0,1.0,1.0,1.0,0.5099033760303617,0.0,0.30005237506359156,0.27832773584817944,0.0,0.2379887220982194
10077,False,Assicurazione Casa e Famiglia: Casa Serena,Furto,1.20%,16.64%,46.02%,0.00%,0.00%,36.14%,25.464790894703256,2.2,294.7485248389121,1.0,1.0,155.24077769723326,117.05949126834336,112.71777117239913,45.901459073357,57.52148986613133,412.50094976337743,0.0,0.0,0.0,1.0,0.0,0.0,0.0,0.0,0.0,0.0,0.0,0.0,0.0,0.0,0.4991948481841203,0.0,0.0,0.0,0.013412822212504531,0.012999716743580561
10204,False,Assicurazione Casa e Famiglia: Casa Serena,Furto,7.58%,52.23%,13.80%,2.66%,0.00%,23.74%,208.8112853365667,2.5,81.77707104538376,1.0,1.0,155.24077769723326,110.59986613197952,168.02845908604007,37.61536314955556,86.86458623755128,268.65287926237306,1.0,0.0,0.0,1.0,1.0,1.0,1.0,1.0,1.0,1.0,1.0,1.0,1.0,1.0,0.48886874933332053,0.0,0.2331134544805448,0.30602079476534555,0.0,0.17777950671773454
10315,False,Assicurazione Casa e Famiglia: Casa Serena,Furto,3.91%,23.36%,6.06%,51.35%,0.00%,15.31%,86.58028904199107,2.323529411764706,135.76386178854577,1.0,1.0,13.170431041253348,298.1398703856574,252.90421746011037,17.98689061919313,98.68785446451504,268.65287926237306,0.0,0.0,0.0,1.0,1.0,0.0,0.0,1.0,0.0,0.0,1.0,0.0,0.0,1.0,0.21741607278373457,0.20925209258658622,0.5026070865949441,0.26962000558620913,0.0,0.034678401382513706
10323,False,Assicurazione Casa e Famiglia: Casa Serena,Furto,0.00%,70.81%,5.37%,0.00%,0.00%,23.81%,244.46199258915124,2.59375,81.88498168185605,1.0,1.0,155.24077769723326,405.285893955446,141.62630736050107,69.86848638543783,113.50686960323506,268.65287926237306,1.0,1.0,0.0,1.0,1.0,1.0,1.0,1.0,1.0,0.0,1.0,1.0,1.0,1.0,0.8471533078117474,0.0,0.07978828883505358,0.18786053110714038,0.0,0.06010701284584821
10335,False,Assicurazione Casa e Famiglia: Casa Serena,Furto,0.52%,19.17%,18.13%,17.31%,19.84%,25.03%,166.79438036030632,3.1908396946564888,44.39583835113064,1.0,1.0,155.24077769723326,117.05949126834336,502.3766196147205,2.7140513404518978,125.26170864861672,268.65287926237306,0.0,0.0,0.0,1.0,0.0,0.0,0.0,0.0,0.0,0.0,1.0,1.0,0.0,1.0,0.9094727488728779,0.0,0.0,0.09246787433604622,0.0,0.05003084992347747
10411,False,Assicurazione Casa e Famiglia: Casa Serena,Furto,2.56%,25.95%,8.01%,37.89%,0.00%,25.59%,54.749300423612,2.186046511627907,177.27420954646445,1.0,1.0,155.24077769723326,10.359158954004515,200.4009458075535,65.41448312976244,99.05287012939706,268.65287926237306,0.0,0.0,0.0,1.0,1.0,0.0,1.0,1.0,1.0,0.0,1.0,1.0,0.0,1.0,0.26274335523501025,0.0,0.3929255245988676,0.0951600050616299,0.0,0.2861075588222541
10453,False,Assicurazione Casa e Famiglia: Casa Serena,Furto,0.97%,25.27%,26.62%,27.96%,0.00%,19.18%,25.464790894703256,2.4,298.26558583959405,1.0,1.0,155.24077769723326,117.05949126834336,3.0107886316884005,22.81691704066167,26.51623039869437,268.65287926237306,0.0,0.0,0.0,1.0,0.0,0.0,0.0,0.0,1.0,0.0,0.0,1.0,0.0,1.0,0.013323769543204092,0.0,0.0,0.6425142258221168,0.0,0.3291942630010332
10476,False,Assicurazione Casa e Famiglia: Casa Serena,Furto,2.70%,22.10%,56.50%,7.09%,0.00%,11.61%,25.464790894703256,2.2,244.1825311624586,1.0,1.0,155.24077769723326,542.8661737317308,112.71777117239913,19.08191685832108,189.27407762832084,76.86416220824435,0.0,0.0,0.0,1.0,1.0,0.0,0.0,0.0,1.0,0.0,0.0,1.0,0.0,1.0,0.0,0.0,0.6286646545306727,0.0,0.047857628864823296,0.03453920385985172
